,NO,ORDER DATE,DIRECTOR,SITE,STATUS,MAIN DES,COMTOR,DUR(h),TRANS DUR(h),DELIVER BEFORE(h),DELIVER TIME (h),DEADLINE,WORK DATE,DESIGN IMPORTANT,START WORK,END WORK,FIX DUR,"BREAK/
CONFIRM","WORK
DURATION",LAG,DES NOTES,DES1,DUR1,DES2,DUR2,DES3,DUR3,DES4,DUR4,
1,v1511-0001,30/10/2015,Sawada,wasoushashin.com,mail:done,NamPQ,ChiTC,2,0,13:00,,2/11/2015,30/10/2015,,14:30,16:00,,,"1,50","-0,50",,NamPQ,2,,,,,,,1
1,v1511-0004,30/10/2015,Miyagi,3cgroup.co.jp,mail:done,NamPQ,ChiTC,2,0,12:00,,2/11/2015,2/11/2015,,8:30,10:30,,,"2,00","0,00",,NamPQ,2,,,,,,,1
1,v1511-0006,30/10/2015,Takeuchi,wakodesign.com,mail:done,LinhKT,ChiTC,"5,5",0,,,2/11/2015,2/11/2015,,8:30,15:00,,1:00,"5,50","0,00",,LinhKT,"5,5",,,,,,,1
1,v1511-0007,30/10/2015,Miyagi,torasapo.jp,mail:done,TienND,ChiTC,"5,5",0,15:30,,2/11/2015,2/11/2015,,8:30,14:00,,1:00,"4,50","-1,00",,TienND,"5,5",,,,,,,1
1,v1511-0008,30/10/2015,Sawada,yama-dentalguide.com,mail:done,TrucPTT,ChiTC,"0,5",0,13:00,,2/11/2015,2/11/2015,,8:40,9:10,,,"0,50","0,00",,TrucPTT,"0,5",,,,,,,1
1,v1511-0009,30/10/2015,Ariyoshi,shop-fukuoka.com,mail:done,DiepBNH,ChiTC,1,"0,5",,,2/11/2015,2/11/2015,,10:20,11:20,,,"1,00","0,00",,DiepBNH,1,,,,,,,1
1,v1511-0010,30/10/2015,Ariyoshi,suzuki-or.com,mail:done,DiepBNH,ChiTC,1,"0,5",,,2/11/2015,2/11/2015,,9:00,10:00,,,"1,00","0,00",,DiepBNH,1,,,,,,,1
1,v1511-0011,30/10/2015,Ariyoshi,eishinkai.jp,mail:done,LinhKT,NguyenLDH,"2,5","0,5",,,2/11/2015,2/11/2015,,15:00,17:30,,,"2,50","0,00",,LinhKT,"2,5",,,,,,,1
1,v1511-0012,2/11/2015,Takeuchi,photohouse-m.com,mail:done,ThuyTTN,NguyenLDH,2,"0,5",,,2/11/2015,2/11/2015,yes,9:30,11:30,,,"2,00","0,00",http://service.fvn-office.net/fvn/thuyttn/v1511-0012_photohouse-m.com/151102_02_bk/,ThuyTTN,2,,,,,,,1
1,v1511-0013,2/11/2015,Takeuchi,kanekotosou.jp,mail:done,TramNTH,NguyenLDH,"1,5","0,5",,,2/11/2015,2/11/2015,,8:30,10:00,,,"1,50","0,00",,TramNTH,"1,5",,,,,,,1
1,v1511-0014,2/11/2015,Takeuchi,kato-dental-clinic.jp,mail:done,TrucPTT,NguyenLDH,"2,5",0,,,2/11/2015,2/11/2015,,9:10,11:35,,,"2,42","-0,08",,TrucPTT,"2,5",,,,,,,1
1,v1511-0002,30/10/2015,Ishihara,eco-scratch.com,mail:done,KhangPH,NguyenLDH,2,"0,5",,,3/11/2015,2/11/2015,,8:30,10:30,,,"2,00","0,00",,KhangPH,2,,,,,,,1
1,v1511-0003,30/10/2015,Ishihara,katsura-dental.com,mail:done,TrucTTT,NguyenLDH,2,"0,5",,,3/11/2015,2/11/2015,yes,9:00,11:00,,,"2,00","0,00",,TrucTTT,2,,,,,,,1
1,v1511-0016,2/11/2015,Ishihara,truth-human.com,mail:done,BinhNT,ManDH,4,1,,,3/11/2015,2/11/2015,,13:30,17:30,,,"4,00","0,00",,BinhNT,4,,,,,,,1
1,v1511-0017,2/11/2015,Nishitani,fc-art.com,mail:done,LinhKT,ChiTC,"2,5","0,5",,,3/11/2015,3/11/2015,,11:30,15:00,,1:00,"2,50","0,00",,LinhKT,"2,5",,,,,,,1
1,v1511-0018,2/11/2015,Takeuchi,pets-home.jp,mail:done,LinhKT,ManDH,"3,5","0,5",,,3/11/2015,3/11/2015,,8:30,11:30,,,"3,00","-0,50",  ,LinhKT,"3,5",,,,,,,1
1,v1511-0019,2/11/2015,Suzuki,lieben-home.jp,mail:done,TienND,NguyenLDH,6,1,,,3/11/2015,3/11/2015,yes,8:30,16:00,,,"7,50","1,50",,TienND,6,,,,,,,1
1,v1511-0020,2/11/2015,Suzuki,sugi-k.net,mail:done,BichVTN,ManDH,"4,5",1,,,3/11/2015,3/11/2015,yes,9:00,14:00,,1:00,"4,00","-0,50",,BichVTN,"4,5",,,,,,,1
1,v1511-0021,2/11/2015,Yoshioka,piezoposition.jp,mail:done,TrucPTT,ManDH,"2,5",0,,,3/11/2015,3/11/2015,,8:30,10:45,,,"2,25","-0,25",,TrucPTT,"2,5",,,,,,,1
1,v1511-0022,2/11/2015,Ariyoshi,fukuoka-vocal.com,mail:done,NamPQ,ChiTC,5,1,,,3/11/2015,3/11/2015,,8:30,14:30,,1:00,"5,00","0,00",,NamPQ,5,,,,,,,1
1,v1511-0023,2/11/2015,Suzuki,fukuoka-sougi.com,mail:done,TriN,ManDH,6,1,,,3/11/2015,3/11/2015,yes,9:00,15:00,,1:00,"5,00","-1,00",,TriN,6,,,,,,,1
1,v1511-0024,2/11/2015,Ariyoshi,zekkenyasan.co.jp,mail:done,DiepBNH,NguyenLDH,3,1,,,3/11/2015,3/11/2015,,9:05,12:05,,,"3,00","0,00","test tiny
http://service.fvn-office.net/fvn/Diepbnh/0024/",DiepBNH,3,,,,,,,1
1,v1511-0025,2/11/2015,Ariyoshi,fineclub.co.jp,mail:done,LinhKT,ManDH,"2,5","0,5",,,3/11/2015,3/11/2015,,15:00,17:30,,,"2,50","0,00",,LinhKT,"2,5",,,,,,,1
1,v1511-0005,2/11/2015,Ishihara,freesia-dc.com,mail:done,ThuyTTN,NguyenLDH,3,"0,5",,,4/11/2015,3/11/2015,yes,14:30,17:30,,,"3,00","0,00",,ThuyTTN,3,,,,,,,1
1,v1511-0026,2/11/2015,Asano,marutakesangyou.com,mail:done,KhangPH,ManDH,"3,5",1,,,4/11/2015,3/11/2015,,8:30,12:00,,,"3,50","0,00",,KhangPH,"3,5",,,,,,,1
1,v1511-0027,4/11/2015,Takeuchi,ks-bath-reform.jp,mail:done,NamPQ,NguyenLDH,3,0,,,4/11/2015,4/11/2015,,8:30,11:00,,,"2,50","-0,50",,NamPQ,3,,,,,,,1
1,v1511-0028,4/11/2015,Takeuchi,landsp.jp,mail:done,NamPQ,NguyenLDH,3,0,,,4/11/2015,4/11/2015,,11:00,14:30,,1:00,"2,50","-0,50",,NamPQ,3,,,,,,,1
1,v1511-0029,4/11/2015,Miyagi,pigeon-ah.com,mail:done,LinhKT,NguyenLDH,"3,5",0,15:00,,4/11/2015,4/11/2015,,8:30,12:00,,,"3,50","0,00",,LinhKT,"3,5",,,,,,,1
1,v1511-0030,4/11/2015,miyagi,tnk-shika.com,mail:done,ThuyTTN,ManDH,"2,5",0,15:00,,4/11/2015,4/11/2015,,9:30,12:00,,,"2,50","0,00",,ThuyTTN,"2,5",,,,,,,1
1,v1511-0031,4/11/2015,Takeuchi,kato-dental-clinic.jp,mail:done,TrucPTT,NguyenLDH,"2,5",0,,,4/11/2015,4/11/2015,,8:40,10:55,,,"2,25","-0,25",,TrucPTT,"2,5",,,,,,,1
1,v1511-0033,4/11/2015,Miyagi,wakohometech.net,mail:done,LamNTP,ManDH,1,0,,,4/11/2015,4/11/2015,,10:50,11:45,,,"0,92","-0,08",,LamNTP,1,,,,,,,1
1,v1511-0015,4/11/2015,Ishihara,kirameki-paint.com,mail:done,TriN,NguyenLDH,8,1,,,5/11/2015,5/11/2015,,8:40,16:00,,1:00,"6,33","-1,67",,TriN,8,,,,,,,1
1,v1511-0032,4/11/2015,Shinozuka,teshirogi-dc.com,mail:done,ThanhNT,ManDH,"2,5",0,13:00,,5/11/2015,4/11/2015,,10:20:00,13:50,,1:00,"2,50","0,00",,ThanhNT,"2,5",,,,,,,1
1,v1511-0034,4/11/2015,Ishihara,okazaki-do.com,mail:done,VuLDN,ManDH,3,"0,5",,,5/11/2015,5/11/2015,,8:30,11:30,,,"3,00","0,00",,VuLDN,3,,,,,,,1
1,v1511-0035,4/11/2015,Ariyoshi,e7-e8.com/test151030,mail:done,LamNTP,ManDH,1,"0,5",,,5/11/2015,4/11/2015,,13:40,14:35,,,"0,92","-0,08",http://service.fvn-office.net/fvn/lamntp/v1511-0035_e7-e8.com/151104_02_bk/,LamNTP,1,,,,,,,1
1,v1511-0036,4/11/2015,Takeuchi,gaiheki-smile.com,mail:done,TrucPTT,ManDH,3,"0,5",,,5/11/2015,4/11/2015,yes,10:55,14:45,,1:00,"2,83","-0,17",,TrucPTT,3,,,,,,,1
1,v1511-0037,4/11/2015,Shimizu,fujiwara-d-clinic.com,mail:done,TrucTTT,ManDH,"2,5","0,5",13:00,,5/11/2015,4/11/2015,,13:00,15:30,,,"2,50","0,00",,TrucTTT,"2,5",,,,,,,1
1,v1511-0038,4/11/2015,Shimizu,kimushika.com,mail:done,ThuyTTN,ManDH,"2,5","0,5",13:00,,5/11/2015,4/11/2015,,14:00,16:30,,,"2,50","0,00",,ThuyTTN,"2,5",,,,,,,1
1,v1511-0039,4/11/2015,Takeuchi,wedding-vivid.com,mail:done,LinhKT,NguyenLDH,3,"0,5",,,5/11/2015,5/11/2015,,15:00,17:30,,,"2,50","-0,50",,LinhKT,3,,,,,,,1
1,v1511-0040,4/11/2015,Asano,bridge-sp.com,mail:done,TienND,NguyenLDH,"4,5",1,,,5/11/2015,4/11/2015,,13:00,16:00,,,"3,00","-1,50",,TienND,"4,5",,,,,,,1
1,v1511-0041,4/11/2015,Ariyoshi,oym24.jp,mail:done,HuyTV,ManDH,6,1,,,5/11/2015,5/11/2015,,8:30,15:30,,1:00,"6,00","0,00",http://service.fvn-office.net/fvn/huytv/Maint/oym24.jp/works/cat1/,HuyTV,6,,,,,,,1
1,v1511-0042,4/11/2015,Ariyoshi,nzl-friendship.jp,mail:done,TrucTTT,ManDH,1,"0,5",,,5/11/2015,4/11/2015,,15:30,16:30,,,"1,00","0,00",,TrucTTT,1,,,,,,,1
1,v1511-0043,4/11/2015,Suzuki,fukuoka-sougi.com,mail:done,LinhKT,ManDH,6,1,,,5/11/2015,5/11/2015,yes,8:30,15:00,,1:00,"5,50","-0,50",,LinhKT,6,,,,,,,1
1,v1511-0044,4/11/2015,Suzuki,ms-denki.com,mail:done,KhangPH,ManDH,6,1,,,5/11/2015,5/11/2015,yes,8:30,15:30,,1:00,"6,00","0,00","0044,0045 chia ra làm trong 2 ngày",KhangPH,6,,,,,,,1
1,v1511-0046,4/11/2015,Ishihara,otonanohanarabi.com,mail:done,NamPQ,NguyenLDH,2,"0,5",,,5/11/2015,5/11/2015,,8:30,10:00,,,"1,50","-0,50",,NamPQ,2,,,,,,,1
1,v1511-0047,4/11/2015,Ariyoshi,tdhome.biz,mail:done,TrucPTT,NguyenLDH,4,1,,,5/11/2015,5/11/2015,,8:35,13:25,,1:00,"3,83","-0,17",http://service.fvn-office.net/fvn/TrucPTT_panda/0047/fmail/fmail.cgi,TrucPTT,4,,,,,,,1
1,v1511-0048,4/11/2015,Ariyoshi,ps-kimura.jp,mail:done,NamPQ,NguyenLDH,1,"0,5",,,5/11/2015,5/11/2015,,10:00,11:00,,,"1,00","0,00",,NamPQ,1,,,,,,,1
1,v1511-0049,4/11/2015,Ariyoshi,motomatsu.ne.jp,mail:done,BichVTN,NguyenLDH,"1,5","0,5",,,5/11/2015,5/11/2015,,9:00,10:30,,,"1,50","0,00",responsive,BichVTN,"1,5",,,,,,,1
1,v1511-0051,4/11/2015,Miyagi,supply-dental.co.jp,mail:done,LamNTP,NguyenLDH,"0,5",0,,,5/11/2015,5/11/2015,,13:15,13:45,,,"0,50","0,00",,LamNTP,"0,5",,,,,,,1
1,v1511-0054,5/11/2015,Nishijima,labouche.jp,mail:done,TrucTTT,NguyenLDH,2,"0,5",,,5/11/2015,5/11/2015,,13:00,15:00,,,"2,00","0,00",,TrucTTT,2,,,,,,,1
1,v1511-0045,4/11/2015,Suzuki,ms-denki.com,mail:done,KhangPH,ManDH,6,1,,,6/11/2015,6/11/2015,yes,8:30,15:30,,1:00,"6,00","0,00","0044,0045 chia ra làm trong 2 ngày",KhangPH,6,,,,,,,1
1,v1511-0050,5/11/2015,Takeuchi,landsp.jp,mail:done,TienND,ManDH,3,0,,,6/11/2015,5/11/2015,,10:00,12:00,,,"2,00","-1,00",,TienND,3,,,,,,,1
1,v1511-0052,5/11/2015,Ishihara,bando-dental.com,mail:done,LinhKT,ChiTC,6,1,,,6/11/2015,6/11/2015,,10:30,17:30,,1:00,"6,00","0,00",,LinhKT,6,,,,,,,1
1,v1511-0053,5/11/2015,Kaneko,soka-cdc.com,mail:done,LamNTP,ChiTC,1,"0,5",13:00,,6/11/2015,5/11/2015,,16:15,17:15,,,"1,00","0,00",,LamNTP,1,,,,,,,1
1,v1511-0055,5/11/2015,Takeuchi,kodama-t.co.jp,mail:done,ThuyTTN,ManDH,4,"0,5",,,6/11/2015,6/11/2015,yes,8:45,13:45,,1:00,"4,00","0,00",,ThuyTTN,4,,,,,,,1
1,v1511-0056,5/11/2015,Shinozuka,higu-dc.net,mail:done,TrucPTT,ManDH,3,0,13:00,,6/11/2015,5/11/2015,,13:30,16:25,,,"2,92","-0,08",,TrucPTT,3,,,,,,,1
1,v1511-0057,5/11/2015,Takeuchi,ouhara-shika.jp,mail:done,ThuyTTN,ManDH,3,0,,,6/11/2015,5/11/2015,,13:30,16:20,,,"2,83","-0,17",,ThuyTTN,3,,,,,,,1
1,v1511-0058,5/11/2015,Ariyoshi,kensington-english.com,mail:done,ThuyTTN,ManDH,"2,5","0,5",,,6/11/2015,6/11/2015,,13:45,16:00,,,"2,25","-0,25",,ThuyTTN,"2,5",,,,,,,1
1,v1511-0059,5/11/2015,Ariyoshi,wedding-mine.com,mail:done,TienND,NguyenLDH,3,1,12:00,,6/11/2015,5/11/2015,,13:00,15:00,,,"2,00","-1,00",http://service.fvn-office.net/fvn/TienND/0059/gallery2/_sys/contribute_detail.php?id=1&cat=1,TienND,3,,,,,,,1
1,v1511-0060,5/11/2015,Takeuchi,wakodesign.com,mail:done,NamPQ,ManDH,"3,5",0,,,6/11/2015,5/11/2015,,11:00,15:00,,1:00,"3,00","-0,50",,NamPQ,"3,5",,,,,,,1
1,v1511-0061,5/11/2015,Ariyoshi,globalreach.jp,mail:done,NamPQ,ChiTC,3,"0,5",,,6/11/2015,5/11/2015,,15:00,17:30,,,"2,50","-0,50",,NamPQ,3,,,,,,,1
1,v1511-0062,5/11/2015,Ariyoshi,hohoemi753.com,mail:done,LamNTP,ManDH,2,"0,5",,,6/11/2015,6/11/2015,,10:15,13:50,,1:00,"2,58","0,58",,LamNTP,2,,,,,,,1
1,v1511-0063,5/11/2015,Asano,silk-house.jp,mail:done,TrucPTT,ChiTC,"3,5",1,,,6/11/2015,6/11/2015,,8:35,12:00,,,"3,42","-0,08",,TrucPTT,"3,5",,,,,,,1
1,v1511-0064,5/11/2015,Ariyoshi,kogadental.com,mail:done,TienND,ManDH,1,"0,5",,,6/11/2015,6/11/2015,,8:30,9:00,,,"0,50","-0,50",,TienND,1,,,,,,,1
1,v1511-0065,5/11/2015,Shinozuka,nakayoshi-yumetaka28-dc.com,mail:done,TrucTTT,ManDH,"1,5",0,13:00,,6/11/2015,6/11/2015,,8:30,10:00,,,"1,50","0,00",,TrucTTT,"1,5",,,,,,,1
1,v1511-0066,5/11/2015,Yoshioka,izumi-bousai.jp,mail:done,TienND,ChiTC,2,0,13:00,,6/11/2015,5/11/2015,,15:00,16:30,,,"1,50","-0,50",,TienND,2,,,,,,,1
1,v1511-0067,5/11/2015,Miyagi,mika-dc.com,mail:done,NamPQ,ChiTC,3,"0,5",14:00,,6/11/2015,6/11/2015,,8:30,11:30,,,"3,00","0,00",,NamPQ,3,,,,,,,1
1,v1511-0068,5/11/2015,Ariyoshi,kogaimplant.com,mail:done,LamNTP,ChiTC,1,"0,5",,,6/11/2015,6/11/2015,,8:35,9:35,,,"1,00","0,00",,LamNTP,1,,,,,,,1
1,v1511-0069,5/11/2015,Ariyoshi,jyosuidori-kogadental.com,mail:done,LamNTP,ChiTC,"0,5","0,5",,,6/11/2015,6/11/2015,,9:40,10:10,,,"0,50","0,00",,LamNTP,"0,5",,,,,,,1
1,v1511-0070,5/11/2015,Ariyoshi,higuchi-family.com,mail:done,TrucTTT,ChiTC,6,1,,,6/11/2015,6/11/2015,,10:00,17:00,,1:00,"6,00","0,00",,TrucTTT,6,,,,,,,1
1,v1511-0071,5/11/2015,Ariyoshi,ios-co.net,mail:done,LamNTP,ChiTC,"1,5","0,5",,,6/11/2015,6/11/2015,,15:05,17:00,,,"1,92","0,42",,LamNTP,"1,5",,,,,,,1
1,v1511-0072,5/11/2015,Ishihara,hasegawa-dc.com,mail:done,NamPQ,ChiTC,5,1,,,6/11/2015,6/11/2015,,11:30,16:30,,1:00,"4,00","-1,00",,NamPQ,5,,,,,,,1
1,v1511-0073,5/11/2015,Suzuki,lieben-home.jp,mail:done,TienND,NguyenLDH,5,1,,,6/11/2015,6/11/2015,,9:00,14:45,,1:00,"4,75","-0,25",,TienND,5,,,,,,,1
1,v1511-0075,5/11/2015,Ariyoshi,i-aiai.co.jp,mail:done,KhangPH,ManDH,2,"0,5",,,6/11/2015,6/11/2015,,13:30,15:00,,,"1,50","-0,50",,KhangPH,2,,,,,,,1
1,v1511-0076,5/11/2015,Ariyoshi,aiai-curtain.jp,mail:done,KhangPH,ManDH,"1,5","0,5",,,6/11/2015,6/11/2015,,14:00,17:30,,,"3,50","2,00",,KhangPH,"1,5",,,,,,,1
14:30:00,v1511-0077,5/11/2015,Miyagi,prism-perio.com,mail:done,TrucPTT,ManDH,2,0,16:00,,6/11/2015,6/11/2015,,13:00,14:55,,,"1,92","-0,08",,TrucPTT,2,,,,,,,1
1,v1511-0078,5/11/2015,Ariyoshi,fukuoka-saga-reform.com,mail:done,KhangPH,ChiTC,1,"0,5",,,6/11/2015,6/11/2015,,12:30,13:30,,,"1,00","0,00",,KhangPH,1,,,,,,,1
1,v1511-0079,6/11/2015,Kaneko,moana-dc.net,mail:done,NamPQ,NguyenLDH,"1,5","0,5",13:00,,9/11/2015,6/11/2015,,16:30,17:30,,,"1,00","-0,50",,NamPQ,"1,5",,,,,,,1
1,v1511-0080,6/11/2015,Sawada,smile-works01.biz,mail:done,TrucTTT,ManDH,"2,5","0,5",14:00,,9/11/2015,9/11/2015,,8:30,10:30,,,"2,00","-0,50",chung design nên nhờ 1 designer làm thôi,TrucTTT,"2,5",,,,,,,1
1,v1511-0081,6/11/2015,Sawada,smile-works02.biz,mail:done,TrucTTT,ManDH,"2,5","0,5",14:00,,9/11/2015,9/11/2015,,10:30,13:30,,1:00,"2,00","-0,50",chung design nên nhờ 1 designer làm thôi,TrucTTT,"2,5",,,,,,,1
1,v1511-0082,6/11/2015,Sawada,smile-works03.biz,mail:done,KhangPH,ManDH,"2,5","0,5",14:00,,9/11/2015,9/11/2015,,10:00,12:30,,,"2,50","0,00",chung design nên nhờ 1 designer làm thôi,KhangPH,"2,5",,,,,,,1
1,v1511-0083,6/11/2015,Sawada,smile-works04.biz,mail:done,KhangPH,ChiTC,"1,5","0,5",14:00,,9/11/2015,9/11/2015,,8:30,10:00,,,"1,50","0,00",chung design nên nhờ 1 designer làm thôi,KhangPH,"1,5",,,,,,,1
1,v1511-0084,6/11/2015,Yoshioka,moana-dc.com,mail:done,LinhKT,ChiTC,1,0,12:30,,9/11/2015,9/11/2015,,8:30,9:00,,,"0,50","-0,50",,LinhKT,1,,,,,,,1
1,v1511-0085,6/11/2015,Yoshioka,moana-dc.jp,mail:done,LinhKT,ChiTC,1,0,12:30,,9/11/2015,9/11/2015,,9:00,9:30,,,"0,50","-0,50",,LinhKT,1,,,,,,,1
1,v1511-0086,6/11/2015,Yoshioka,e-headspa.com,mail:done,DiepBNH,NguyenLDH,2,0,13:30,,9/11/2015,9/11/2015,,9:00,11:00,,,"2,00","0,00",,DiepBNH,2,,,,,,,1
1,v1511-0087,6/11/2015,Takeuchi,cyubujuki.com,mail:done,LinhKT,NguyenLDH,"2,5",0,,,9/11/2015,9/11/2015,,15:30,17:30,,,"2,00","-0,50",,LinhKT,"2,5",,,,,,,1
1,v1511-0088,6/11/2015,Ishihara,truth-human.com,mail:done,NamPQ,NguyenLDH,2,"0,5",,,9/11/2015,9/11/2015,,11:30,14:00,,1:00,"1,50","-0,50",,NamPQ,2,,,,,,,1
1,v1511-0089,6/11/2015,Asano,sprinkun.jp,mail:done,TrucTTT,NguyenLDH,"4,5",1,, ,9/11/2015,9/11/2015,,13:30,17:30,,,"4,00","-0,50",,TrucTTT,"4,5",,,,,,,1
1,v1511-0090,6/11/2015,Takeuchi,wedding-vivid.com,mail:done,TienND,NguyenLDH,3,0,,,9/11/2015,9/11/2015,,8:30,10:00,,,"1,50","-1,50",link Inquiry: fmail/fmail.cgi,TienND,3,,,,,,,1
1,v1511-0091,6/11/2015,Asano,katochubo.co.jp,mail:done,KhangPH,ChiTC,"4,5",1,,,9/11/2015,9/11/2015,yes,13:00,17:30,,,"4,50","0,00",,KhangPH,"4,5",,,,,,,1
1,v1511-0092,6/11/2015,Takeuchi,hawaiian-academy.com,mail:done,LinhKT,ChiTC,"4,5","0,5",,,9/11/2015,9/11/2015,yes,10:30,15:30,,1:00,"4,00","-0,50",,LinhKT,"4,5",,,,,,,1
1,v1511-0093,6/11/2015,Takeuchi,takecs.jp,mail:done,TienND,NguyenLDH,"3,5",0,,,9/11/2015,9/11/2015,yes,10:00,11:30,,,"1,50","-2,00",,TienND,"3,5",,,,,,,1
1,v1511-0094,6/11/2015,Takeuchi,gaiheki-smile.com,mail:done,NamPQ,ChiTC,3,"0,5",,,9/11/2015,9/11/2015,yes,8:30,11:30,,,"3,00","0,00",,NamPQ,3,,,,,,,1
1,v1511-0095,6/11/2015,Miyagi,fukui-kyousei.jp,mail:done,DucTP,NguyenLDH,"0,5",0,11:00,,9/11/2015,9/11/2015,,9:00,9:30,,,"0,50","0,00",,DucTP,"0,5",,,,,,,1
1,v1511-0096,6/11/2015,Takeuchi,kodama-t.co.jp,mail:done,NamPQ,ManDH,"2,5","0,5",,,9/11/2015,9/11/2015,yes,15:00,17:30,,,"2,50","0,00",,NamPQ,"2,5",,,,,,,1
1,v1511-0097,6/11/2015,Takeuchi,jiban-futaba.com,mail:done,NhaNTT,ManDH,1,0,,,9/11/2015,9/11/2015,,15:00,16:00,,,"1,00","0,00",,NhaNTT,1,,,,,,,1
1,v1511-0098,6/11/2015,Suzuki,ms-denki.com,mail:done,BinhNT,ManDH,6,1,,,9/11/2015,9/11/2015,yes,9:30,16:30,,1:00,"6,00","0,00",,BinhNT,6,,,,,,,1
1,v1511-0099,6/11/2015,Ariyoshi,nikken-inayoshi.jp,mail:done,NhaNTT,NguyenLDH,6,1,,,9/11/2015,9/11/2015,,8:30,15:00,,1:00,"5,50","-0,50",,NhaNTT,6,,,,,,,1
1,v1511-0100,6/11/2015,Ishihara,ecologi.jp,mail:done,NamPQ,NguyenLDH,1,"0,5",,,9/11/2015,9/11/2015,,14:00,15:00,,,"1,00","0,00",http://service.fvn-office.net/fvn/Nampq/151109_02_bk/,NamPQ,1,,,,,,,1
1,v1511-0102,6/11/2015,Sawada,ecohouse-neo.com,mail:done,BinhNT,NguyenLDH,1,0,13:00,,9/11/2015,9/11/2015,,8:30,9:30,,,"1,00","0,00",,BinhNT,1,,,,,,,1
1,v1511-0109,9/11/2015,Miyagi,harada-dental.jp,mail:done,LinhKT,NguyenLDH,"0,5",0,15:00,,9/11/2015,9/11/2015,,9:30,10:00,,,"0,50","0,00",,LinhKT,"0,5",,,,,,,1
1,v1511-0110,9/11/2015,Miyagi,harada-do.com,mail:done,LinhKT,NguyenLDH,"0,5",0,15:00,,9/11/2015,9/11/2015,,10:00,10:30,,,"0,50","0,00",,LinhKT,"0,5",,,,,,,1
1,v1511-0101,6/11/2015,Sudo,kuremoto.com,mail:done,TramNTH,NguyenLDH,2,"0,5",,,10/11/2015,9/11/2015,,9:30,11:30,,,"2,00","0,00",,TramNTH,2,,,,,,,1
1,v1511-0103,9/11/2015,Kaneko,todate-koumuten.co.jp,mail:done,TienND,NguyenLDH,"3,5",1,14:30,,10/11/2015,10/11/2015,yes,8:30,12:00,,,"3,50","0,00",,TienND,"3,5",,,,,,,1
1,v1511-0104,9/11/2015,Nishitani,monji-doc.or.jp,mail:done,TienND,TrieuVTT,"0,5",0,,,10/11/2015,9/11/2015,,11:30,12:00,,,"0,50","0,00",\\TienND\share\Maintenance\Thang 11\v1511-0104_monji-doc.or.jp\151109_02_bk\images\topimages.jpg,TienND,"0,5",,,,,,,1
1,v1511-0105,9/11/2015,Nishitani,kousuke-dc.com,mail:done,TramNTH,TrieuVTT,1,"0,5",,,10/11/2015,9/11/2015,,8:30,9:30,,,"1,00","0,00",,TramNTH,1,,,,,,,1
1,v1511-0106,9/11/2015,Nishitani,candi-hair.com,mail:done,VanVTK,ManDH,3,"0,5",,,10/11/2015,9/11/2015,,14:30,17:30,,,"3,00","0,00",,VanVTK,3,,,,,,,1
1,v1511-0107,9/11/2015,Sawada,mshika.com,mail:done,VuLDN,ManDH,2,0,13:00,,10/11/2015,9/11/2015,,13:30,15:30,,,"2,00","0,00",,VuLDN,2,,,,,,,1
1,v1511-0108,9/11/2015,Takeuchi,hula-coop.org,mail:done,TramNTH,NguyenLDH,3,0,,,10/11/2015,9/11/2015,,11:30,15:30,,1:00,"3,00","0,00",,TramNTH,3,,,,,,,1
1,v1511-0111,9/11/2015,Nishitani,hirano-jyutakukenchiku.jp,mail:done,LinhKT,NguyenLDH,"1,5","0,5",,,10/11/2015,10/11/2015,yes,8:30,10:00,,,"1,50","0,00",,LinhKT,"1,5",,,,,,,1
1,v1511-0112,9/11/2015,Asano,koufukushika.jp,mail:done,LinhKT,NguyenLDH,"5,5",1,,,10/11/2015,10/11/2015,,11:30,17:30,,1:00,"5,00","-0,50",http://service.fvn-office.net/fvn/LinhKT/v1511-0112_koufukushika.jp/151106_02/,LinhKT,"5,5",,,,,,,1
1,v1511-0113,9/11/2015,Takeuchi,sakyoyama-dc.com,mail:done,BinhNT,NguyenLDH,3,0,,,10/11/2015,10/11/2015,,8:30,11:30,,,"3,00","0,00",,BinhNT,3,,,,,,,1
1,v1511-0114,9/11/2015,Shinozuka,nakayoshi-yumetaka28-dc.com,mail:done,TienND,NguyenLDH,"2,5",0,13:00,,10/11/2015,9/11/2015,,13:00,15:00,,,"2,00","-0,50",,TienND,"2,5",,,,,,,1
1,v1511-0115,9/11/2015,Nishitani,cocoro-therapy.jp,mail:done,LinhKT,ManDH,"1,5","0,5",,,10/11/2015,10/11/2015,,10:00,11:30,,,"1,50","0,00",,LinhKT,"1,5",,,,,,,1
1,v1511-0116,9/11/2015,Nishitani,protimes-kurume.com,mail:done,BinhNT,NguyenLDH,6,1,,,10/11/2015,10/11/2015,,11:30,17:30,,,"6,00","0,00","OverNotes
http://service.fvn-office.net/fvn/binhnt/116/blog/",BinhNT,6,,,,,,,1
1,v1511-0118,9/11/2015,Asano,nakaoka-dental.smart-change.info,mail:done,TrucTTT,ManDH,2,"0,5",,,10/11/2015,10/11/2015,yes,8:30,10:15,,,"1,75","-0,25",,TrucTTT,2,,,,,,,1
1,v1511-0119,9/11/2015,Ishihara,pluscad.jp,mail:done,TrucTTT,ManDH,6,1,,,10/11/2015,10/11/2015,yes,10:15,17:00,,1:00,"5,75","-0,25",,TrucTTT,6,,,,,,,1
1,v1511-0120,9/11/2015,Suzuki,nakanokensou.jp,mail:done,KhangPH,NguyenLDH,2,"0,5",,,10/11/2015,10/11/2015,,15:00,17:00,,,"2,00","0,00","OverNotes, Kijikaku, fmail",KhangPH,2,,,,,,,1
1,v1511-0121,9/11/2015,Miyagi,suntechno-inc.co.jp,mail:done,KhangPH,NguyenLDH,4,0,15:00,,10/11/2015,10/11/2015,,8:30,12:30,,,"4,00","0,00",,KhangPH,4,,,,,,,1
1,v1511-0122,9/11/2015,Miyagi,suntechno-ep.com,mail:done,VuLDN,NguyenLDH,3,0,15:00,,10/11/2015,10/11/2015,,8:30,11:30,,,"3,00","0,00",,VuLDN,3,,,,,,,1
1,v1511-0123,9/11/2015,Yoshioka,e-daiku.com,mail:done,NhaNTT,NguyenLDH,3,0,15:00,,10/11/2015,10/11/2015,,8:30,11:15,,,"2,75","-0,25",,NhaNTT,3,,,,,,,1
1,v1511-0124,9/11/2015,Takeuchi,wedding-vivid.com,mail:done,DiepBNH,NguyenLDH,2,"0,5",,,10/11/2015,9/11/2015,,13:00,15:00,,,"2,00","0,00",,DiepBNH,2,,,,,,,1
1,v1511-0125,9/11/2015,Sudo,kn-d.com,mail:done,KhangPH,ManDH,2,"0,5",,,10/11/2015,10/11/2015,,13:00,15:00,,,"2,00","0,00",,KhangPH,2,,,,,,,1
1,v1511-0126,9/11/2015,Ariyoshi,p-sharakukan.com,mail:done,NhaNTT,ManDH,6,1,,,10/11/2015,10/11/2015,,11:15,17:30,,1:00,"5,25","-0,75",,NhaNTT,6,,,,,,,1
1,v1511-0129,10/11/2015,Nishitani,kousuke-dc.com,mail:done,TrucTTT,NguyenLDH,1,"0,5",,,10/11/2015,10/11/2015,,17:00,17:30,,,"0,50","-0,50","OverNotes, Kijikaku

http://service.fvn-office.net/fvn/TrucTTT/129/blog/post-2/",TrucTTT,1,,,,,,,1
1,v1511-0130,10/11/2015,Miyagi,torasapo.jp,mail:done,DiepBNH,NguyenLDH,1,0,,,10/11/2015,10/11/2015,,9:00,10:00,,,"1,00","0,00",,DiepBNH,1,,,,,,,1
1,v1511-0117,9/11/2015,Sudo,diva-diva.net,mail:done,TramNTH,NguyenLDH,2,"0,5",,,11/11/2015,9/11/2015,,15:30,17:30,,,"2,00","0,00",,TramNTH,2,,,,,,,1
1,v1511-0127,10/11/2015,Takeuchi,kodama-t.co.jp,mail:done,LinhKT,ManDH,"3,5",0,13:00,,11/11/2015,11/11/2015,yes,8:30,11:30,,,"3,00","-0,50",,LinhKT,"3,5",,,,,,,1
1,v1511-0128,10/11/2015,Ariyoshi,p-sharakukan.com,mail:done,LinhKT,NguyenLDH,"3,5",1,,,11/11/2015,11/11/2015,,11:30,15:30,,1:00,"3,00","-0,50","sửa tiếp v1511-0126, data cũng lấy từ v1511-0126",LinhKT,"3,5",,,,,,,1
1,v1511-0131,10/11/2015,Kaneko,tokyo-def.com,mail:done,TrucTTT,ManDH,2,"0,5",13:00,,11/11/2015,11/11/2015,,8:30,10:00,,,"1,50","-0,50",,TrucTTT,2,,,,,,,1
1,v1511-0132,10/11/2015,Ishihara,komuro-white.com,mail:done,TrucTTT,NguyenLDH,4,1,,,11/11/2015,11/11/2015,yes,13:30,17:30,,,"4,00","0,00",,TrucTTT,4,,,,,,,1
1,v1511-0133,10/11/2015,Kaneko,izumiya-shika.com,mail:done,NgocTT,ManDH,"1,5","0,5",13:00,,11/11/2015,11/11/2015,yes,9:00,10:30,,,"1,50","0,00",,NgocTT,"1,5",,,,,,,1
1,v1511-0134,10/11/2015,Miyagi,katahiradental.com,mail:done,KhangPH,ManDH,"4,5",0,15:00,,11/11/2015,11/11/2015,,8:30,12:30,,,"4,00","-0,50",,KhangPH,"4,5",,,,,,,1
1,v1511-0135,10/11/2015,Takeuchi,takecs.jp,mail:done,LinhKT,NguyenLDH,"2,5","0,5",,,11/11/2015,11/11/2015,yes,15:30,17:30,,,"2,00","-0,50",,LinhKT,"2,5",,,,,,,1
1,v1511-0136,10/11/2015,Takeuchi,laundry-support.jp,mail:done,TrucTTT,ManDH,3,0,,,11/11/2015,11/11/2015,,10:00,13:30,,1:00,"2,50","-0,50",,TrucTTT,3,,,,,,,1
1,v1511-0137,10/11/2015,Miyagi,marriage-link.net,mail:done,BinhNT,NguyenLDH,"1,5",0,12:00,,11/11/2015,11/11/2015,,8:30,10:00,,,"1,50","0,00",,BinhNT,"1,5",,,,,,,1
1,v1511-0138,10/11/2015,Ariyoshi,nama-aojiru.com,mail:done,BinhNT,NguyenLDH,5,1,,,11/11/2015,11/11/2015,,14:00,18:00,,,"4,00","-1,00","chỉnh fmail
http://service.fvn-office.net/fvn/binhnt/138/contact/",BinhNT,5,,,,,,,1
1,v1511-0139,10/11/2015,Yoshioka,viper-security.jp,mail:done,TruyenLC,NguyenLDH,7,0,17:00,,11/11/2015,11/11/2015,,9:00,16:30,,1:00,"6,50","-0,50",,TruyenLC,7,,,,,,,1
1,v1511-0140,10/11/2015,Asano,tsys-powersolutions.com,mail:done,ThanhNT,ManDH,"4,5",1,,,11/11/2015,11/11/2015,,9:40,15:10,,1:00,"4,50","0,00",http://service.fvn-office.net/fvn/thanhnt/stc/,ThanhNT,"4,5",,,,,,,1
1,v1511-0141,10/11/2015,Yoshioka,piezoposition.jp,mail:done,BinhNT,NguyenLDH,1,0,13:00,,11/11/2015,11/11/2015,,10:00,11:00,,,"1,00","0,00",,BinhNT,1,,,,,,,1
1,v1511-0142,10/11/2015,Ishihara,truth-human.com,mail:done,BinhNT,NguyenLDH,2,"0,5",,,11/11/2015,11/11/2015,,11:00,14:00,,1:00,"2,00","0,00",,BinhNT,2,,,,,,,1
1,v1511-0143,10/11/2015,Ariyoshi,lemondegarden.com,mail:done,KhangPH,ManDH,5,1,,,11/11/2015,11/11/2015,,13:00,18:00,,,"5,00","0,00",,KhangPH,5,,,,,,,1
1,v1511-0144,10/11/2015,Ariyoshi,oheya-kataduketai.com,mail:done,TrucPTT,NguyenLDH,4,1,,,11/11/2015,11/11/2015,,13:30,17:30,,,"4,00","0,00",http://service.fvn-office.net/fvn/TrucPTT_panda/0144/,TrucPTT,4,,,,,,,1
1,v1511-0145,10/11/2015,Ariyoshi,kenfield.co.jp,mail:done,NgocTT,ManDH,"3,5",1,,,11/11/2015,11/11/2015,,10:30,14:30,,1:00,"3,00","-0,50",,NgocTT,"3,5",,,,,,,1
1,v1511-0146,11/11/2015,Kaneko,dc-takikawa.com,mail:done,BinhNT,ManDH,2,"0,5",13:00,,12/11/2015,12/11/2015,yes,8:30,10:30,,,"2,00","0,00",,BinhNT,2,,,,,,,1
1,v1511-0147,11/11/2015,Ariyoshi,fudosan-baikyaku-aitem.com,mail:done,KhangPH,ManDH,1,"0,5",,,12/11/2015,12/11/2015,,10:30,11:30,,,"1,00","0,00",,KhangPH,1,,,,,,,1
1,v1511-0148,11/11/2015,Takeuchi,pets-home.jp,mail:done,TrucTTT,NguyenLDH,"4,5",0,,,12/11/2015,12/11/2015,yes,8:30,12:00,,,"3,50","-1,00",,TrucTTT,"4,5",,,,,,,1
1,v1511-0149,11/11/2015,Sudo,kuremoto.com,mail:done,ThanhNT,ManDH,1,"0,5",,,12/11/2015,11/11/2015,,15:10,16:10,,,"1,00","0,00",,ThanhNT,1,,,,,,,1
1,v1511-0150,11/11/2015,Yoshioka,urbanistica.jp,mail:done,LinhKT,ManDH,"2,5",0,13:30,,12/11/2015,12/11/2015,,10:30,13:30,,1:00,"2,00","-0,50",,LinhKT,"2,5",,,,,,,1
1,v1511-0151,11/11/2015,Shinozuka,e-grout.jp,mail:done,LinhKT,NguyenLDH,"2,5",0,13:00,,12/11/2015,12/11/2015,,8:30,10:30,,,"2,00","-0,50",,LinhKT,"2,5",,,,,,,1
1,v1511-0152,11/11/2015,Suzuki,ee-home.jp,mail:done,BichVTN,ManDH,"3,5",1,16:00,,12/11/2015,12/11/2015,,8:30,12:00,,,"3,50","0,00",,BichVTN,"3,5",,,,,,,1
1,v1511-0153,11/11/2015,Takeuchi,hawaiian-academy.com,mail:done,LinhKT,ManDH,"2,5",0,,,12/11/2015,12/11/2015,,13:30,15:30,,,"2,00","-0,50",,LinhKT,"2,5",,,,,,,1
1,v1511-0154,11/11/2015,Miyagi,royal-dc.jp,mail:done,NhaNTT,NguyenLDH,2,0,12:00,,12/11/2015,12/11/2015,,8:30,10:30,,,"2,00","0,00",,NhaNTT,2,,,,,,,1
1,v1511-0155,11/11/2015,Yoshioka,mm-dental.jp,mail:done,VanVTK,NguyenLDH,2,0,13:00,,12/11/2015,12/11/2015,yes,8:30,10:30,,,"2,00","0,00",,VanVTK,2,,,,,,,1
1,v1511-0156,11/11/2015,Ishihara,t-suzuki-dc.com,mail:done,ThanhNT,ManDH,3,"0,5",,,12/11/2015,12/11/2015,,9:40:00,13:40,,1:00,"3,00","0,00",,ThanhNT,3,,,,,,,1
1,v1511-0157,11/11/2015,Ariyoshi,eishinkai.jp,mail:done,TrucTTT,ChiTC,6,1,,,12/11/2015,12/11/2015,,13:00,17:30,,,"4,50","-1,50",,TrucTTT,6,,,,,,,1
1,v1511-0158,11/11/2015,Sawada,morikage-orthodontic.com,mail:done,NgocTT,ChiTC,"3,5",0,14:00,,12/11/2015,12/11/2015,yes,9:00,12:00,,,"3,00","-0,50",,NgocTT,"3,5",,,,,,,1
1,v1511-0159,11/11/2015,Tanaka,kita-dental.com,mail:done,BinhNT,ManDH,3,1,,,12/11/2015,12/11/2015,,14:30,17:30,,1:00,"2,00","-1,00",http://service.fvn-office.net/fvn/binhnt/159/blog,BinhNT,3,,,,,,,1
1,v1511-0160,11/11/2015,Suzuki,fukuoka-sougi.com,mail:done,VanVTK,ManDH,"3,5",1,16:00,,12/11/2015,12/11/2015,,10:30,15:00,,,"4,50","1,00",,VanVTK,"3,5",,,,,,,1
1,v1511-0161,11/11/2015,Ariyoshi,hello-shinchi.com,mail:done,BinhNT,ChiTC,3,"0,5",,,12/11/2015,12/11/2015,,10:30,14:30,,1:00,"3,00","0,00",,BinhNT,3,,,,,,,1
1,v1511-0162,11/11/2015,Ariyoshi,withwatabe.jp,mail:done,LinhKT,NguyenLDH,"2,5","0,5",,,12/11/2015,12/11/2015,,15:30,17:30,,,"2,00","-0,50",responsive,LinhKT,"2,5",,,,,,,1
1,v1511-0163,11/11/2015,Shinozuka,oe-spfilm.jp,mail:done,KhangPH,ChiTC,2,0,13:00,,12/11/2015,12/11/2015,,8:30,10:30,,,"2,00","0,00",,KhangPH,2,,,,,,,1
1,v1511-0164,11/11/2015,Nishitani,protimes-kurume.com,mail:done,KhangPH,NguyenLDH,5,1,,,12/11/2015,12/11/2015,,11:30,17:30,,1:00,"5,00","0,00",http://service.fvn-office.net/fvn/khangph/,KhangPH,5,,,,,,,1
1,v1511-0165,11/11/2015,Ishihara,koutsujiko-jidan.com,mail:done,DiepBNH,ManDH,3,"0,5",,,12/11/2015,12/11/2015,,14:00,17:00,,,"3,00","0,00",,DiepBNH,3,,,,,,,1
1,v1511-0166,11/11/2015,Takeuchi,kanekotosou.jp,mail:done,TrucPTT,ChiTC,"3,5",0,,,12/11/2015,12/11/2015,,8:35,12:00,,,"3,42","-0,08",,TrucPTT,"3,5",,,,,,,1
1,v1511-0167,11/11/2015,Suzuki,artsystem-fuk.jp,mail:done,NamPQ,ChiTC,"3,5",1,16:30,,12/11/2015,12/11/2015,,11:00,15:30,,1:00,"3,50","0,00",,NamPQ,"3,5",,,,,,,1
1,v1511-0168,11/11/2015,Shimizu,aoki-shika.com,mail:done,KhangPH,ManDH,6,1,,,13/11/2015,13/11/2015,,8:30,15:30,,1:00,"6,00","0,00",,KhangPH,6,,,,,,,1
1,v1511-0170,12/11/2015,Shinozuka,shirota-dc.jp,mail:done,VuLDN,ManDH,"3,5",0,,,13/11/2015,13/11/2015,yes,9:30,14:00,,1:00,"3,50","0,00",,VuLDN,"3,5",,,,,,,1
1,v1511-0171,12/11/2015,Shinozuka,higu-dc.net,mail:done,ThanhNT,ManDH,2,0,,,13/11/2015,13/11/2015,,8:45,10:45,,,"2,00","0,00",,ThanhNT,2,,,,,,,1
1,v1511-0172,12/11/2015,Kaneko,seigyo-ban.jp,mail:done,DiepBNH,ManDH,1,"0,5",,,13/11/2015,13/11/2015,yes,11:00,12:00,,,"1,00","0,00",,DiepBNH,1,,,,,,,1
1,v1511-0173,12/11/2015,Sawada,flom.co.jp,mail:done,ThanhNT,ManDH,"2,5",0,,,13/11/2015,13/11/2015,,14:15,16:45,,,"2,50","0,00",,ThanhNT,"2,5",,,,,,,1
1,v1511-0175,12/11/2015,Miyagi,canael-kura.jp,mail:done,TruyenLC,ManDH,"3,5",0,,,13/11/2015,13/11/2015,,8:40,11:30,,,"2,83","-0,67",,TruyenLC,"3,5",,,,,,,1
1,v1511-0177,12/11/2015,Takeuchi,sakyoyama-dc.com,mail:done,TrucTTT,TrieuVTT,"3,5",0,,,13/11/2015,13/11/2015,yes,8:30,10:45,,,"2,25","-1,25",http://service.fvn-office.net/fvn/TrucTTT/177/,TrucTTT,"3,5",,,,,,,1
1,v1511-0178,12/11/2015,Suzuki,pcaid119.jp,mail:done,ThuyTTN,ManDH,6,1,,,13/11/2015,13/11/2015,,8:40,14:40,,1:00,"5,00","-1,00",,ThuyTTN,6,,,,,,,1
1,v1511-0181,12/11/2015,Ariyoshi,p-sharakukan.com,mail:done,HuyTV,ManDH,3,"0,5",,,13/11/2015,13/11/2015,,8:30,11:30,,,"3,00","0,00","link check video 
http://service.fvn-office.net/fvn/huytv/Maint/p-sharakukan.com/",HuyTV,3,,,,,,,1
1,v1511-0183,12/11/2015,Yoshioka,weld-ds.com,mail:done,ThanhNT,ManDH,"2,5",0,,,13/11/2015,13/11/2015,,10:45,14:15,,1:00,"2,50","0,00",,ThanhNT,"2,5",,,,,,,1
1,v1511-0184,12/11/2015,Asano,tsys-powersolutions.com,mail:done,LamNTP,ChiTC,2,"0,5",,,13/11/2015,13/11/2015,,13:30,15:30,,,"2,00","0,00",,LamNTP,2,,,,,,,1
1,v1511-0186,12/11/2015,Miyagi,hachinoya.co.jp,mail:done,KhangPH,ChiTC,"2,5",0,,,13/11/2015,13/11/2015,,15:30,18:00,,,"2,50","0,00",,KhangPH,"2,5",,,,,,,1
1,v1511-0187,12/11/2015,Sawada,izumi-soft.jp,mail:done,NhaNTT,ManDH,"2,5",0,,,13/11/2015,13/11/2015,,8:30,11:00,,,"2,50","0,00",,NhaNTT,"2,5",,,,,,,1
1,v1511-0189,12/11/2015,Nishitani,www.zekkenyasan.co.jp,mail:done,TrucTTT,ManDH,2,"0,5",,,13/11/2015,13/11/2015,,10:45,12:00,,,"1,25","-0,75",,TrucTTT,2,,,,,,,1
1,v1511-0190,12/11/2015,Asano,kodama-t.co.jp,mail:done,TrucTTT,ManDH,6,1,,,13/11/2015,13/11/2015,,13:00,17:30,,,"4,50","-1,50",,TrucTTT,6,,,,,,,1
1,v1511-0174,12/11/2015,Ishihara,kirameki-roof.com,mail:done,VuLDN,ManDH,"0,5","0,5",,,16/11/2015,16/11/2015,,9:30,10:00,,,"0,50","0,00",,VuLDN,"0,5",,,,,,,1
1,v1511-0176,12/11/2015,Ishihara,hasegawa-dc.com,mail:done,LamNTP,NguyenLDH,2,"0,5",,,16/11/2015,13/11/2015,yes,15:30,17:30,,,"2,00","0,00",,LamNTP,2,,,,,,,1
1,v1511-0179,12/11/2015,Ishihara,kanazawa-shika.com,mail:done,LinhKT,NguyenLDH,2,"0,5",,,16/11/2015,16/11/2015,yes,13:00,15:00,,,"2,00","0,00",,LinhKT,2,,,,,,,1
1,v1511-0180,12/11/2015,Ariyoshi,sp-parojegold.co.jp,mail:done,LamNTP,NguyenLDH,2,"0,5",,,16/11/2015,16/11/2015,,9:30,11:30,,,"2,00","0,00",,LamNTP,2,,,,,,,1
1,v1511-0182,12/11/2015,Takeuchi,child-lesson.com,mail:done,LamNTP,NguyenLDH,1,0,,,16/11/2015,16/11/2015,,8:30,9:30,,,"1,00","0,00",,LamNTP,1,,,,,,,1
1,v1511-0185,12/11/2015,Takeuchi,cyubujuki.com,mail:done,LinhKT,NguyenLDH,4,0,,,16/11/2015,16/11/2015,,8:30,12:00,,,"3,50","-0,50",,LinhKT,4,,,,,,,1
1,v1511-0191,16/11/2015,Ariyoshi,mizuashi-dental.com,mail:done,LinhKT,ManDH,3,1,,,16/11/2015,16/11/2015,,15:00,17:30,,,"2,50","-0,50",,LinhKT,3,,,,,,,1
1,v1511-0193,16/11/2015,Ariyoshi,tennis-school.jp,mail:done,BinhNT,ManDH,4,1,,,16/11/2015,16/11/2015,,13:30,17:30,,,"4,00","0,00",http://service.fvn-office.net/fvn/binhnt/193/fmail/,BinhNT,4,,,,,,,1
1,v1511-0194,16/11/2015,Ariyoshi,raggruppi.net,mail:done,KhangPH,ManDH,"2,5","0,5",,,16/11/2015,16/11/2015,,15:00,17:30,,,"2,50","0,00",,KhangPH,"2,5",,,,,,,1
1,v1511-0195,16/11/2015,Ariyoshi,hana-n.com,mail:done,KhangPH,NguyenLDH,"0,5","0,5",,,16/11/2015,16/11/2015,,11:30,12:00,,,"0,50","0,00",,KhangPH,"0,5",,,,,,,1
1,v1511-0197,16/11/2015,Miyagi,takeuchi-shika.info,mail:done,TienND,NguyenLDH,"3,5",0,,,16/11/2015,16/11/2015,,13:30,17:00,,,"3,50","0,00",,TienND,"3,5",,,,,,,1
1,v1511-0200,16/11/2015,Miyagi,yoichi-dental.com,mail:done,KhangPH,NguyenLDH,2,0,,,16/11/2015,16/11/2015,,13:00,15:00,,,"2,00","0,00",,KhangPH,2,,,,,,,1
1,v1511-0188,16/11/2015,Ishihara,okazaki-do.com,mail:done,KhangPH,ManDH,3,"0,5",,,17/11/2015,17/11/2015,,14:00,17:00,,,"3,00","0,00",,KhangPH,3,,,,,,,1
1,v1511-0192,16/11/2015,Asano,re-paint.net,mail:done,TrucTTT,ManDH,5,1,,,17/11/2015,16/11/2015,yes,13:00,17:30,,,"4,50","-0,50",,TrucTTT,5,,,,,,,1
1,v1511-0196,16/11/2015,Nishitani,protimes-kurume.com,mail:done,BinhNT,NguyenLDH,8,1,,,17/11/2015,17/11/2015,,8:30,17:30,,1:00,"8,00","0,00",http://service.fvn-office.net/fvn/binhnt/196/,BinhNT,8,,,,,,,1
1,v1511-0198,16/11/2015,Ishihara,hasegawa-dc.com,mail:done,TienND,ManDH,2,"0,5",,,17/11/2015,17/11/2015,,8:30,10:00,,,"1,50","-0,50",,TienND,2,,,,,,,1
1,v1511-0199,16/11/2015,Ishihara,immunetherapy.jp,mail:done,LinhKT,ManDH,"2,5","0,5",,,17/11/2015,17/11/2015,,10:30,13:30,,1:00,"2,00","-0,50",,LinhKT,"2,5",,,,,,,1
1,v1511-0201,16/11/2015,Nishitani,cocoro-therapy.jp,mail:done,LinhKT,ManDH,"2,5","0,5",,,17/11/2015,17/11/2015,,13:30,15:30,,,"2,00","-0,50",,LinhKT,"2,5",,,,,,,1
1,v1511-0202,16/11/2015,Ishihara,takarazuka-shinbi.com,mail:done,DiepBNH,ManDH,"0,5","0,5",,,17/11/2015,16/11/2015,,15:00,16:00,,,"1,00","0,50",,DiepBNH,"0,5",,,,,,,1
1,v1511-0203,16/11/2015,Ishihara,bando-dental.com,mail:done,VuLDN,ManDH,2,"0,5",,,17/11/2015,17/11/2015,,8:30,10:30,,,"2,00","0,00",,VuLDN,2,,,,,,,1
1,v1511-0204,16/11/2015,Nishitani,tsuchiya-dc.com,mail:done,TramNTH,ManDH,"1,5","0,5",,,17/11/2015,17/11/2015,,10:00,11:30,,,"1,50","0,00",,TramNTH,"1,5",,,,,,,1
1,v1511-0205,16/11/2015,Yoshioka,mansion-op.jp,mail:done,LinhKT,ChiTC,"2,5",0,13:30,,17/11/2015,17/11/2015,yes,8:30,10:30,,,"2,00","-0,50",,LinhKT,"2,5",,,,,,,1
1,v1511-0206,16/11/2015,Yoshioka,bianca-salon.com,mail:done,TrucTTT,ManDH,2,0,12:30,,17/11/2015,17/11/2015,yes,8:30,10:30,,,"2,00","0,00",,TrucTTT,2,,,,,,,1
1,v1511-0207,16/11/2015,Suzuki,apzero.co.jp,mail:done,ThanhNT,ManDH,3,"0,5",,,17/11/2015,17/11/2015,,8:40,11:40,,,"3,00","0,00",,ThanhNT,3,,,,,,,1
1,v1511-0208,16/11/2015,Suzuki,nakatsu-zero.jp,mail:done,DiepBNH,ChiTC,"0,5","0,5",,,17/11/2015,16/11/2015,,17:00,17:30,,,"0,50","0,00",,DiepBNH,"0,5",,,,,,,1
1,v1511-0209,16/11/2015,Takeuchi,sakyoyama-dc.com,mail:done,LinhKT,ChiTC,"2,5",0,,,17/11/2015,17/11/2015,,15:30,17:30,,,"2,00","-0,50",,LinhKT,"2,5",,,,,,,1
1,v1511-0210,16/11/2015,Asano,marutakesangyou.com,mail:done,VanVTK,ManDH,5,1,,,17/11/2015,17/11/2015,yes,8:30,14:30,,,"6,00","1,00",,VanVTK,5,,,,,,,1
1,v1511-0211,16/11/2015,Suzuki,smg-spyder.jp,mail:done,KhangPH,ChiTC,1,"0,5",16:00,,17/11/2015,17/11/2015,yes,13:00,14:00,,,"1,00","0,00",,KhangPH,1,,,,,,,1
1,v1511-0212,16/11/2015,Takeuchi,kodama-t.co.jp,mail:done,TramNTH,NguyenLDH,4,0,,,17/11/2015,17/11/2015,yes,13:30,17:30,,,"4,00","0,00",,TramNTH,4,,,,,,,1
1,v1511-0213,16/11/2015,Suzuki,hirano-jyutakukenchiku.jp,mail:done,KhangPH,ChiTC,"3,5",1,15:00,,17/11/2015,17/11/2015,,8:30,12:00,,,"3,50","0,00",responsive,KhangPH,"3,5",,,,,,,1
1,v1511-0214,16/11/2015,Sawada,hinokuchi-shika.com,mail:done,TramNTH,NguyenLDH,"1,5",0,13:00,,17/11/2015,17/11/2015,,8:30,10:00,,,"1,50","0,00",,TramNTH,"1,5",,,,,,,1
1,v1511-0215,16/11/2015,Ariyoshi,ticketking.jp,mail:done,TrucTTT,NguyenLDH,6,1,,,17/11/2015,17/11/2015,,10:30,17:30,,1:00,"6,00","0,00",,TrucTTT,6,,,,,,,1
1,v1511-0217,17/11/2015,Ariyoshi,nikken-inayoshi.jp,mail:done,DiepBNH,NguyenLDH,1,"0,5",,,17/11/2015,17/11/2015,,8:30,9:30,,,"1,00","0,00",,DiepBNH,1,,,,,,,1
1,v1511-0219,17/11/2015,Suzuki,map-inoue.com,mail:done,TramNTH,ManDH,1,0,,,17/11/2015,17/11/2015,,11:30,13:30,,1:00,"1,00","0,00",,TramNTH,1,,,,,,,1
1,v1511-0220,17/11/2015,Suzuki,mirecreation.jp,mail:done,VuLDN,ManDH,3,"0,5",,,17/11/2015,17/11/2015,,11:30,15:30,,1:00,"3,00","0,00",,VuLDN,3,,,,,,,1
1,v1511-0236,17/11/2015,Ariyoshi,mizuashi-dental.com,mail:done,VuLDN,NguyenLDH,1,"0,5",,,17/11/2015,17/11/2015,,16:30,17:30,,,"1,00","0,00",,VuLDN,1,,,,,,,1
1,v1511-0216,17/11/2015,Nishitani,kagu-kokusai.co.jp,mail:done,TienND,NguyenLDH,"1,5","0,5",,,18/11/2015,17/11/2015,,16:00,17:00,,,"1,00","-0,50",,TienND,"1,5",,,,,,,1
1,v1511-0218,17/11/2015,Nishitani,aisika.com,mail:done,TienND,ManDH,"2,5","0,5",,,18/11/2015,17/11/2015,,10:00,12:00,,,"2,00","-0,50",,TienND,"2,5",,,,,,,1
1,v1511-0221,17/11/2015,Sawada,kodomo-shikaguide.com,mail:done,TienND,NguyenLDH,"2,5",0,14:00,,18/11/2015,17/11/2015,,14:15,16:00,,,"1,75","-0,75",,TienND,"2,5",,,,,,,1
1,v1511-0222,17/11/2015,Shinozuka,afl.co.jp,mail:done,TienND,NguyenLDH,"1,5",0,12:00,,18/11/2015,17/11/2015,,13:00,14:15,,,"1,25","-0,25",,TienND,"1,5",,,,,,,1
1,v1511-0223,17/11/2015,Sawada,with-dc.com,mail:done,KhangPH,ManDH,3,0,14:00,,18/11/2015,18/11/2015,,8:30,12:00,,,"3,50","0,50",,KhangPH,3,,,,,,,1
1,v1511-0224,17/11/2015,Asano,kodama-t.co.jp,mail:done,BinhNT,ManDH,5,1,,,18/11/2015,18/11/2015,,11:30,17:30,,1:00,"5,00","0,00",,BinhNT,5,,,,,,,1
1,v1511-0225,17/11/2015,Sawada,aokidental.com,mail:done,TriN,ManDH,2,0,14:00,,18/11/2015,18/11/2015,,9:10,11:10,,,"2,00","0,00",,TriN,2,,,,,,,1
1,v1511-0226,17/11/2015,Takeuchi,keep-expert.com,mail:done,LinhKT,NguyenLDH,"3,5",0,,,18/11/2015,18/11/2015,,13:30,16:30,,,"3,00","-0,50",,LinhKT,"3,5",,,,,,,1
1,v1511-0227,17/11/2015,Takeuchi,nagae-paint.com,mail:done,DiepBNH,NguyenLDH,2,0,,,18/11/2015,17/11/2015,,13:00,15:00,,,"2,00","0,00",,DiepBNH,2,,,,,,,1
1,v1511-0228,17/11/2015,Suzuki,nama-aojiru.com,mail:done,NamPQ,ManDH,6,1,,,18/11/2015,18/11/2015,,8:30,15:00,,1:00,"5,50","-0,50",làm tiếp tục cái order ngày mai,NamPQ,6,,,,,,,1
1,v1511-0229,17/11/2015,Asano,tsys-powersolutions.com,mail:done,KhangPH,ManDH,4,1,,,18/11/2015,18/11/2015,,13:30,17:30,,,"4,00","0,00",,KhangPH,4,,,,,,,1
1,v1511-0232,17/11/2015,Ariyoshi,fukuoka-vocal.com,mail:done,LinhKT,NguyenLDH,"4,5",1,16:30,,18/11/2015,18/11/2015,,8:30,13:30,,1:00,"4,00","-0,50",,LinhKT,"4,5",,,,,,,1
1,v1511-0233,17/11/2015,Ariyoshi,tout-couleur.com,mail:done,NhaNTT,ManDH,"2,5","0,5",,,18/11/2015,18/11/2015,,11:00,14:30,,1:00,"2,50","0,00",,NhaNTT,"2,5",,,,,,,1
1,v1511-0234,17/11/2015,Takeuchi,pets-home.jp,mail:done,TienND,NguyenLDH,"2,5",0,,,18/11/2015,18/11/2015,,11:00,14:00,,,"3,00","0,50",http://service.fvn-office.net/fvn/TienND/234/petsvillage/puppy/,TienND,"2,5",,,,,,,1
1,v1511-0235,17/11/2015,Ariyoshi,englishschool-wing.com,mail:done,VuLDN,ManDH,"2,5","0,5",,,18/11/2015,18/11/2015,,10:00,13:30,,1:00,"2,50","0,00",,VuLDN,"2,5",,,,,,,1
1,v1511-0237,17/11/2015,Ariyoshi,herb-herb.net,mail:done,BinhNT,NguyenLDH,"2,5","0,5",,,18/11/2015,18/11/2015,,8:30,11:00,,,"2,50","0,00",http://service.fvn-office.net/fvn/binhnt/237/index.html,BinhNT,"2,5",,,,,,,1
m,v1511-0238,17/11/2015,Ariyoshi,fc.jc-sys.co.jp,mail:done,VuLDN,NguyenLDH,3,"0,5",,,18/11/2015,18/11/2015,,13:30,16:30,,,"3,00","0,00",,VuLDN,3,,,,,,,1
1,v1511-0239,17/11/2015,Ariyoshi,buliliare.co.jp,mail:done,KhangPH,NguyenLDH,1,"0,5",,,18/11/2015,18/11/2015,,9:30,10:30,,,"1,00","0,00",,KhangPH,1,,,,,,,1
1,v1511-0241,17/11/2015,Miyagi,hachinoya.co.jp,mail:done,TienND,NguyenLDH,"2,5",0,12:00,,18/11/2015,18/11/2015,,8:30,11:00,,,"2,50","0,00",,TienND,"2,5",,,,,,,1
1,v1511-0242,17/11/2015,Miyagi,dentremoval.jp,mail:done,TrucTTT,NguyenLDH,8,0,,,18/11/2015,18/11/2015,,8:30,17:30,,1:00,"8,00","0,00","242,243 tổng cộng 16h, giao ngày 19/11 ",TrucTTT,8,,,,,,,1
1,v1511-0245,18/11/2015,Miyagi,g-e.jp,mail:done,BinhNT,NguyenLDH,"0,5",0,15:30,,18/11/2015,18/11/2015,,11:00,11:30,,,"0,50","0,00",,BinhNT,"0,5",,,,,,,1
1,v1511-0247,18/11/2015,Ariyoshi,smg-spyder.jp,mail:done,NhaNTT,NguyenLDH,1,"0,5",12:00,,18/11/2015,18/11/2015,,10:00,11:00,,,"1,00","0,00",,NhaNTT,1,,,,,,,1
1,v1511-0240,17/11/2015,Tanaka,arakawa888.com,mail:done,LamNTP,ManDH,2,"0,5",,,19/11/2015,19/11/2015,,8:30,10:30,,,"2,00","0,00",,LamNTP,2,,,,,,,1
1,v1511-0243,17/11/2015,Miyagi,dentremoval.jp,mail:done,TrucTTT,NguyenLDH,8,0,,,19/11/2015,19/11/2015,,8:30,17:30,,1:00,"8,00","0,00","242,243 tổng cộng 16h, giao ngày 19/11",TrucTTT,8,,,,,,,1
1,v1511-0244,18/11/2015,Shinozuka,original-memo.jp,mail:done,LinhKT,TrieuVTT,1,0,12:00,,19/11/2015,18/11/2015,,16:30,17:30,,,"1,00","0,00",,LinhKT,1,,,,,,,1
1,v1511-0246,18/11/2015,Shinozuka,bell-apt.jp,mail:done,LinhKT,ManDH,"2,5",0,13:00,,19/11/2015,19/11/2015,,8:30,10:30,,,"2,00","-0,50",,LinhKT,"2,5",,,,,,,1
1,v1511-0248,18/11/2015,Shinozuka,taneichi-shika.jp,mail:done,LamNTP,ManDH,"1,5",0,11:00,,19/11/2015,18/11/2015,,13:30,15:00,,,"1,50","0,00",,LamNTP,"1,5",,,,,,,1
1,v1511-0249,18/11/2015,Yoshioka,e-headspa.com,mail:done,LamNTP,ManDH,1,0,12:30,,19/11/2015,18/11/2015,yes,15:00,16:00,,,"1,00","0,00",,LamNTP,1,,,,,,,1
1,v1511-0250,18/11/2015,Ariyoshi,sp-parojegold.co.jp,mail:done,VuLDN,ManDH,3,"0,5",,,19/11/2015,19/11/2015,,8:30,11:30,,,"3,00","0,00",,VuLDN,3,,,,,,,1
1,v1511-0251,18/11/2015,Ishihara,kanazawa-shika.com,mail:done,LamNTP,ManDH,1,"0,5",, ,19/11/2015,18/11/2015,,16:00,17:00,,,"1,00","0,00",,LamNTP,1,,,,,,,1
1,v1511-0252,18/11/2015,Ishihara,bando-dental.com,mail:done,ManhT,NguyenLDH,3,"0,5",,,19/11/2015,19/11/2015,,8:30,11:30,,,"3,00","0,00",,ManhT,3,,,,,,,1
1,v1511-0253,18/11/2015,Tsukamoto,bali-in.smart-change.info,mail:done,LinhKT,NguyenLDH,3,"0,5",,,19/11/2015,19/11/2015,,10:30,14:00,,1:00,"2,50","-0,50",,LinhKT,3,,,,,,,1
1,v1511-0254,18/11/2015,Ariyoshi,blanc-cafe.jp,mail:done,LinhKT,NguyenLDH,4,1,,,19/11/2015,19/11/2015,,14:00,17:30,,,"3,50","-0,50",,LinhKT,4,,,,,,,1
1,v1511-0255,18/11/2015,Asano,tsys-powersolutions.com,mail:done,NhaNTT,ManDH,5,1,,,19/11/2015,19/11/2015,,13:00,17:30,,,"4,50","-0,50",,NhaNTT,5,,,,,,,1
1,v1511-0256,18/11/2015,Sawada,funayado-mikawaya.com,mail:done,VuLDN,NguyenLDH,"2,5",0,15:30,,19/11/2015,19/11/2015,yes,15:00,17:30,,,"2,50","0,00",,VuLDN,"2,5",,,,,,,1
1,v1511-0257,18/11/2015,Takeuchi,kodama-t.co.jp,mail:done,TienND,ChiTC,"2,5",0,,,19/11/2015,18/11/2015,yes,14:00,16:00,,,"2,00","-0,50",,TienND,"2,5",,,,,,,1
1,v1511-0258,18/11/2015,Ariyoshi,asakawa-fuyouhin.net,mail:done,VuLDN,ManDH,"2,5","0,5",,,19/11/2015,19/11/2015,,11:30,15:00,,1:00,"2,50","0,00",,VuLDN,"2,5",,,,,,,1
1,v1511-0259,18/11/2015,Shinozuka,kyouden.net,mail:done,BinhNT,NguyenLDH,"2,5",0,14:00,,19/11/2015,19/11/2015,,8:30,11:00,,,"2,50","0,00",,BinhNT,"2,5",,,,,,,1
1,v1511-0260,18/11/2015,Yoshioka,alpha-inter.co.jp,mail:done,KhangPH,NguyenLDH,7,0,17:00,,19/11/2015,19/11/2015,,8:30,16:30,,1:00,"7,00","0,00",,KhangPH,7,,,,,,,1
1,v1511-0261,18/11/2015,Suzuki,tsuchiya-dc.com,mail:done,DiepBNH,NguyenLDH,2,"0,5",,,19/11/2015,19/11/2015,,13:00,15:00,,,"2,00","0,00",,DiepBNH,2,,,,,,,1
1,v1511-0262,18/11/2015,Suzuki,apzero.co.jp,mail:done,NgocTT,NguyenLDH,1,"0,5",,,19/11/2015,19/11/2015,yes,15:00,16:00,,,"1,00","0,00",,NgocTT,1,,,,,,,1
1,v1511-0263,18/11/2015,Suzuki,nama-aojiru.com,mail:done,NamPQ,ManDH,6,1,,,19/11/2015,19/11/2015,,8:30,15:30,,1:00,"6,00","0,00",tiếp tục của 228,NamPQ,6,,,,,,,1
1,v1511-0265,18/11/2015,Suzuki,arbic-chintai.jp,mail:done,BinhNT,ManDH,5,1,,,19/11/2015,19/11/2015,,11:00,17:00,,1:00,"5,00","0,00",,BinhNT,5,,,,,,,1
1,v1511-0266,18/11/2015,Suzuki,body77.jp,mail:done,TramNTH,ManDH,2,"0,5",,,19/11/2015,19/11/2015,yes,14:00,16:00,,,"2,00","0,00",,TramNTH,2,,,,,,,1
1,v1511-0230,19/11/2015,Suzuki,ticketking.jp,mail:done,KhangPH,ManDH,6,1,,,20/11/2015,20/11/2015,,10:30,15:30,,1:00,"4,00","-2,00",http://www.ticketking.jp/html/user_data/hakata_osaka40.php,KhangPH,6,,,,,,,1
1,v1511-0264,18/11/2015,Tanaka,takarazuka-shinbi.com,mail:done,LinhKT,ManDH,6,1,,,20/11/2015,20/11/2015,yes,10:30,16:30,,1:00,"5,00","-1,00",,LinhKT,6,,,,,,,1
1,v1511-0267,19/11/2015,Kaneko,shinwa-kk.jp,mail:done,TramNTH,ManDH,"1,5","0,5",13:00,,20/11/2015,19/11/2015,,16:00,17:30,,,"1,50","0,00",,TramNTH,"1,5",,,,,,,1
1,v1511-0268,19/11/2015,Shinozuka,usui-dental.com,mail:done,LinhKT,NguyenLDH,3,0,13:00,,20/11/2015,20/11/2015,,8:30,10:30,,,"2,00","-1,00",,LinhKT,3,,,,,,,1
1,v1511-0269,19/11/2015,Ariyoshi,kensington-english.com,mail:done,DiepBNH,ManDH,3,1,,,20/11/2015,19/11/2015,,14:30,17:30,,,"3,00","0,00",http://service.fvn-office.net/fvn/Diepbnh/269/fmail/fmail.cgi,DiepBNH,3,,,,,,,1
1,v1511-0270,19/11/2015,Kaneko,kd-icons.jp,mail:done,KhangPH,ManDH,2,"0,5",13:00,,20/11/2015,20/11/2015,,8:30,9:30,,,"1,00","-1,00",service.fvn-office.net/fvn/khangph,KhangPH,2,,,,,,,1
1,v1511-0271,19/11/2015,Ariyoshi,fudosan-baikyaku-aitem.com,mail:done,LamNTP,ManDH,"1,5","0,5",,,20/11/2015,20/11/2015,,10:30,12:00,,,"1,50","0,00",,LamNTP,"1,5",,,,,,,1
1,v1511-0272,19/11/2015,Ariyoshi,hello-shinchi.com,mail:done,ThanhNLY,ManDH,2,"0,5",,,20/11/2015,20/11/2015,,8:30,10:00,,,"1,50","-0,50",,ThanhNLY,2,,,,,,,1
1,v1511-0273,19/11/2015,Ariyoshi,hellodc.net,mail:done,LamNTP,ManDH,2,"0,5",,,20/11/2015,20/11/2015,,15:30,17:30,,,"2,00","0,00",,LamNTP,2,,,,,,,1
1,v1511-0274,19/11/2015,Miyagi,komine-dc.net,mail:done,ThanhNT,ManDH,"1,5",0,12:00,,20/11/2015,20/11/2015,,10:00,11:30,,,"1,50","0,00",,ThanhNT,"1,5",,,,,,,1
1,v1511-0275,19/11/2015,Ariyoshi,fukuokakaigi.com,mail:done,LamNTP,ManDH,"2,5","0,5",,,20/11/2015,20/11/2015,,13:00,15:30,,,"2,50","0,00",,LamNTP,"2,5",,,,,,,1
1,v1511-0276,19/11/2015,Nishitani,protimes-kurume.com,mail:done,TrucTTT,ManDH,6,1,,,20/11/2015,20/11/2015,,9:30,16:30,,1:00,"6,00","0,00",http://service.fvn-office.net/fvn/TrucTTT/276/,TrucTTT,6,,,,,,,1
1,v1511-0277,19/11/2015,Ariyoshi,tsuda-dental.com,mail:done,LinhKT,NguyenLDH,"1,5","0,5",,,20/11/2015,20/11/2015,,16:30,17:30,,,"1,00","-0,50",,LinhKT,"1,5",,,,,,,1
1,v1511-0278,19/11/2015,Yoshioka,konomi-dc.net,mail:done,BinhNT,NguyenLDH,2,0,13:00,,20/11/2015,20/11/2015,,9:30,11:30,,,"2,00","0,00",,BinhNT,2,,,,,,,1
1,v1511-0279,19/11/2015,Yoshioka,esteaque.com,mail:done,LamNTP,NguyenLDH,2,0,13:30,,20/11/2015,20/11/2015,,8:30,10:30,,,"2,00","0,00",,LamNTP,2,,,,,,,1
1,v1511-0280,19/11/2015,Yoshioka,frankin.net,mail:done,BinhNT,ManDH,1,0,12:30,,20/11/2015,20/11/2015,,8:30,9:30,,,"1,00","0,00",,BinhNT,1,,,,,,,1
1,v1511-0281,19/11/2015,Ariyoshi,begood-r.com,mail:done,TramNTH,ManDH,2,"0,5",,,20/11/2015,20/11/2015,,15:30,17:00,,,"1,50","-0,50",,TramNTH,2,,,,,,,1
1,v1511-0282,19/11/2015,Tanaka,suzukishika.jp,mail:done,TramNTH,ManDH,3,1,,,20/11/2015,20/11/2015,,8:30,11:00,,,"2,50","-0,50",,TramNTH,3,,,,,,,1
1,v1511-0283,19/11/2015,Miyagi,muto-skytree.com,mail:done,ThuyTTN,ManDH,4,0,14:00,,20/11/2015,20/11/2015,,9:30,14:00,,1:00,"3,50","-0,50",,ThuyTTN,4,,,,,,,1
1,v1511-0284,19/11/2015,Tanaka,mokuzo-kenchiku.com,mail:done,ThanhNLY,NguyenLDH,"1,5","0,5",,,20/11/2015,20/11/2015,,10:00,11:10,,,"1,17","-0,33",,ThanhNLY,"1,5",,,,,,,1
1,v1511-0285,19/11/2015,Suzuki,sugi-k.net,mail:done,BinhNT,NguyenLDH,"4,5",1,,,20/11/2015,20/11/2015,yes,11:30,17:00,,1:00,"4,50","0,00",,BinhNT,"4,5",,,,,,,1
1,v1511-0286,19/11/2015,Tanaka,yamakei-p.com,mail:done,TramNTH,ManDH,"2,5","0,5",,,20/11/2015,20/11/2015,,11:00,14:00,,1:00,"2,00","-0,50",,TramNTH,"2,5",,,,,,,1
1,v1511-0288,19/11/2015,Sawada,mlbcafe.jp,mail:done,TruyenLC,ManDH,"3,5",0,15:00,,20/11/2015,20/11/2015,yes,10:30,15:00,,1:00,"3,50","0,00",,TruyenLC,"3,5",,,,,,,1
1,v1511-0294,20/11/2015,Miyagi,dentremoval.jp,mail:done,TrucTTT,NguyenLDH,1,0,,,20/11/2015,20/11/2015,,8:30,9:30,,,"1,00","0,00","thêm công số cho order 242,243",TrucTTT,1,,,,,,,1
1,v1511-0301,20/11/2015,Suzuki,earth-act-support.jp,mail:done,TramNTH,NguyenLDH,3,"0,5",17:00,,20/11/2015,20/11/2015,,13:30,16:00,,,"2,50","-0,50",,TramNTH,3,,,,,,,1
1,v1511-0287,19/11/2015,Ariyoshi,zekkenyasan.co.jp,mail:done,LinhKT,ChiTC,3,"0,5",,,23/11/2015,23/11/2015,,8:30,11:00,,,"2,50","-0,50",,LinhKT,3,,,,,,,1
1,v1511-0289,20/11/2015,Kaneko,nailcraft.co.jp,mail:done,BinhNT,ManDH,"2,5","0,5",,,23/11/2015,23/11/2015,,8:30,11:00,,,"2,50","0,00",,BinhNT,"2,5",,,,,,,1
1,v1511-0290,19/11/2015,Tsukamoto,mandibali.smart-change.info,mail:done,LinhKT,ChiTC,3,"0,5",,,23/11/2015,23/11/2015,yes,14:30,17:30,,,"3,00","0,00",,LinhKT,3,,,,,,,1
1,v1511-0291,19/11/2015,Takeuchi,kodama-t.co.jp,mail:done,TrucTTT,ChiTC,"1,5",0,,,23/11/2015,23/11/2015,yes,9:45,11:15,,,"1,50","0,00",,TrucTTT,"1,5",,,,,,,1
1,v1511-0292,20/11/2015,Takeuchi,e-meiken.co.jp,mail:done,TrucPTT,ChiTC,"2,5",0,,,23/11/2015,23/11/2015,,8:30,10:45,,,"2,25","-0,25",,TrucPTT,"2,5",,,,,,,1
1,v1511-0293,20/11/2015,Ariyoshi,smg-spyder.jp,mail:done,TrucPTT,ManDH,"2,5","0,5",,,23/11/2015,23/11/2015,,10:45,14:10,,1:00,"2,42","-0,08",,TrucPTT,"2,5",,,,,,,1
1,v1511-0295,20/11/2015,Takeuchi,ashiba-msk.jp,mail:done,LinhKT,ChiTC,"2,5",0,,,23/11/2015,23/11/2015,,11:00,14:30,,1:00,"2,50","0,00",,LinhKT,"2,5",,,,,,,1
1,v1511-0296,20/11/2015,Ariyoshi,kogaimplant.com,mail:done,NhaNTT,ManDH,2,"0,5",,,23/11/2015,23/11/2015,,8:30,10:30,,,"2,00","0,00",,NhaNTT,2,,,,,,,1
1,v1511-0297,20/11/2015,Yoshioka,jiro-shika.com,mail:done,ThanhNLY,ChiTC,"1,5",0,,,23/11/2015,23/11/2015,,13:30,14:50,,,"1,33","-0,17",,ThanhNLY,"1,5",,,,,,,1
1,v1511-0298,20/11/2015,Yoshioka,kawasaki-shika.com,mail:done,KhangPH,ChiTC,"1,5",0,,,23/11/2015,23/11/2015,,8:30,10:00,,,"1,50","0,00",,KhangPH,"1,5",,,,,,,1
1,v1511-0299,20/11/2015,Yoshioka,aka-ryoma.jp,mail:done,KhangPH,ChiTC,"2,5",0,,,23/11/2015,23/11/2015,,10:00,12:30,,,"2,50","0,00",,KhangPH,"2,5",,,,,,,1
1,v1511-0300,20/11/2015,Miyagi,sakura-shika.com,mail:done,DiepBNH,ManDH,"1,5",0,,,23/11/2015,23/11/2015,,8:30,10:00,,,"1,50","0,00",,DiepBNH,"1,5",,,,,,,1
1,v1511-0302,20/11/2015,Tanaka,mataki-shika.com,mail:done,BinhNT,ManDH,2,"0,5",,,23/11/2015,23/11/2015,,15:30,17:30,,,"2,00","0,00",,BinhNT,2,,,,,,,1
1,v1511-0303,20/11/2015,Takeuchi,doll-datsumo.jp,mail:done,BinhNT,ManDH,"3,5",0,,,23/11/2015,23/11/2015,yes,11:00,15:30,,1:00,"3,50","0,00",service.fvn-office.net/fvn/binhnt/1511-303/index.html,BinhNT,"3,5",,,,,,,1
1,v1511-0304,20/11/2015,Tsukamoto,fukuoka-orange.com,mail:done,KhangPH,ManDH,4,"0,5",,,23/11/2015,23/11/2015,yes,13:00,17:00,,,"4,00","0,00",,KhangPH,4,,,,,,,1
1,v1511-0305,20/11/2015,Takeuchi,ouhara-shika.jp,mail:done,TrucPTT,ChiTC,"2,5",0,,,23/11/2015,23/11/2015,,14:15,16:40,,,"2,42","-0,08",,TrucPTT,"2,5",,,,,,,1
1,v1511-0306,20/11/2015,Miyagi,prism-perio.com,mail:done,TrucTTT,ChiTC,2,0,,,23/11/2015,23/11/2015,,11:15,14:00,,1:00,"1,75","-0,25",,TrucTTT,2,,,,,,,1
1,v1511-0307,20/11/2015,Tanaka,tvmeeting.jp,mail:done,ThanhNLY,ManDH,5,1,,,23/11/2015,23/11/2015,,8:30,13:30,,1:00,"4,00","-1,00",,ThanhNLY,5,,,,,,,1
1,v1511-0308,20/11/2015,Ariyoshi,kogadental.com,mail:done,ThanhNLY,ManDH,"1,5","0,5",,,23/11/2015,23/11/2015,,14:55,16:20,,,"1,42","-0,08",,ThanhNLY,"1,5",,,,,,,1
1,v1511-0309,20/11/2015,Ariyoshi,jyosuidori-kogadental.com,mail:done,NhaNTT,ManDH,"2,5","0,5",,,23/11/2015,23/11/2015,,10:30,13:30,,1:00,"2,00","-0,50",,NhaNTT,"2,5",,,,,,,1
1,v1511-0310,20/11/2015,Miyagi,senkyo-poster.com,mail:done,NhaNTT,ManDH,3,0,,,23/11/2015,23/11/2015,,14:00,16:30,,,"2,50","-0,50",,NhaNTT,3,,,,,,,1
1,v1511-0231,20/11/2015,Ishihara,hattori-dc.com,mail:done,LinhKT,ChiTC,5,1,,,24/11/2015,24/11/2015,yes,8:30,14:00,,1:00,"4,50","-0,50",,LinhKT,5,,,,,,,1
1,v1511-0311,21/11/2015,Asano,star-nagoya.net,mail:done,NhaNTT,ManDH,5,1,,,24/11/2015,24/11/2015,yes,8:30,14:30,,1:00,"5,00","0,00",,NhaNTT,5,,,,,,,1
1,v1511-0312,24/11/2015,Miyagi,katahiradental.com,mail:done,TrucPTT,NguyenLDH,"2,5",0,15:00,,24/11/2015,24/11/2015,,9:30,12:00,,,"2,50","0,00",,TrucPTT,"2,5",,,,,,,1
1,v1511-0314,24/11/2015,Suzuki,mirecreation.jp,mail:done,LinhKT,ManDH,4,1,,,24/11/2015,24/11/2015,,14:00,17:30,,,"3,50","-0,50",,LinhKT,4,,,,,,,1
1,v1511-0315,24/11/2015,Miyagi,tokyo-sjcd.com,mail:done,ThuyTTN,ManDH,2,0,14:00,,24/11/2015,24/11/2015,,10:30,13:30,,1:00,"2,00","0,00",,ThuyTTN,2,,,,,,,1
1,v1511-0313,24/11/2015,Kaneko,nihon-kodomo.jp,mail:done,ThuyTTN,NguyenLDH,1,"0,5",13:00,,25/11/2015,24/11/2015,,14:00,15:00,,,"1,00","0,00",,ThuyTTN,1,,,,,,,1
1,v1511-0316,24/11/2015,Ishihara,hdhc.jp,mail:done,TramNTH,ManDH,7,1,,,25/11/2015,24/11/2015,,9:00,17:00,,,"8,00","1,00",,TramNTH,7,,,,,,,1
1,v1511-0317,24/11/2015,Ishihara,murakami-dc.jp,mail:done,ThuyTTN,ManDH,4,1,,,25/11/2015,25/11/2015,yes,9:00,14:00,,1:00,"4,00","0,00",,ThuyTTN,4,,,,,,,1
1,v1511-0318,24/11/2015,Nishitani,protimes-kurume.com,mail:done,LinhKT,NguyenLDH,"2,5","0,5",,,25/11/2015,25/11/2015,,8:30,11:00,,,"2,50","0,00",,LinhKT,"2,5",,,,,,,1
1,v1511-0319,24/11/2015,Nishitani,cocoro-therapy.jp,mail:done,NhaNTT,NguyenLDH,"1,5","0,5",,,25/11/2015,24/11/2015,,14:30,16:00,,,"1,50","0,00",,NhaNTT,"1,5",,,,,,,1
1,v1511-0320,24/11/2015,Tsukamoto,ikenaga-kyousei.com,mail:done,BinhNT,ManDH,2,"0,5",,,25/11/2015,24/11/2015,,15:30,17:30,,,"2,00","0,00",,BinhNT,2,,,,,,,1
1,v1511-0321,24/11/2015,Takeuchi,ashiba-msk.jp,mail:done,BinhNT,NguyenLDH,"1,5",0,,,25/11/2015,24/11/2015,,13:00,14:30,,,"1,50","0,00",,BinhNT,"1,5",,,,,,,1
1,v1511-0322,24/11/2015,Miyagi,cretec-japan.com,mail:done,TrucPTT,ManDH,3,0,13:00,,25/11/2015,24/11/2015,,13:00,16:00,,,"3,00","0,00",,TrucPTT,3,,,,,,,1
1,v1511-0324,24/11/2015,Ishihara,dental-yamasaki.com,mail:done,DiepBNH,NguyenLDH,"0,5","0,5",,,25/11/2015,24/11/2015,,17:00,17:30,,,"0,50","0,00",,DiepBNH,"0,5",,,,,,,1
1,v1511-0325,24/11/2015,Takeuchi,doll-datsumo.jp,mail:done,LinhKT,ManDH,"2,5",0,,,25/11/2015,25/11/2015,yes,11:00,14:30,,1:00,"2,50","0,00",,LinhKT,"2,5",,,,,,,1
1,v1511-0326,24/11/2015,Ishihara,miyaji-dc.jp,mail:done,TrucPTT,ManDH,2,"0,5",,,25/11/2015,25/11/2015,,8:30,10:30,,,"2,00","0,00",,TrucPTT,2,,,,,,,1
1,v1511-0327,24/11/2015,Ishihara,ha-narabi.jp,mail:done,KhangPH,ManDH,6,1,,,25/11/2015,25/11/2015,,8:30,15:30,,1:00,"6,00","0,00",,KhangPH,6,,,,,,,1
1,v1511-0329,24/11/2015,Ariyoshi,tout-couleur.com,mail:done,NamPQ,NguyenLDH,6,1,,,25/11/2015,25/11/2015,,11:00,17:30,,1:00,"5,50","-0,50",làm chung 363. giao hàng 26/11,NamPQ,6,,,,,,,1
1,v1511-0330,25/11/2015,Ishihara,immunetherapy.jp,mail:done,DiepBNH,ManDH,2,"0,5",,,25/11/2015,25/11/2015,,8:30,10:30,,,"2,00","0,00",,DiepBNH,2,,,,,,,1
1,v1511-0331,24/11/2015,Suzuki,irie-oralimplant.com,mail:done,BinhNT,NguyenLDH,6,1,,,25/11/2015,25/11/2015,yes,8:30,15:30,,1:00,"6,00","0,00","responsive,331,332,333 là 1 order",BinhNT,6,,,,,,,1
1,v1511-0334,24/11/2015,Yoshioka,frankin.net,mail:done,NamPQ,NguyenLDH,"2,5",0,13:30,,25/11/2015,25/11/2015,,8:30,11:00,,,"2,50","0,00",,NamPQ,"2,5",,,,,,,1
1,v1511-0335,24/11/2015,Ariyoshi,tsuchiya-dc.com,mail:done,TramNTH,NguyenLDH,"2,5","0,5",12:00,,25/11/2015,25/11/2015,,8:45,11:15,,,"2,50","0,00",,TramNTH,"2,5",,,,,,,1
1,v1511-0336,24/11/2015,Ariyoshi,nagano-dental.or.jp,mail:done,LinhKT,ManDH,3,"0,5",,,25/11/2015,25/11/2015,,14:30,17:30,,,"3,00","0,00",,LinhKT,3,,,,,,,1
1,v1511-0337,24/11/2015,Miyagi,plc-aqua.com,mail:done,TienND,NguyenLDH,2,0,15:00,,25/11/2015,25/11/2015,,9:00,10:30,,,"1,50","-0,50",,TienND,2,,,,,,,1
1,v1511-0340,24/11/2015,Ariyoshi,sp-parojegold.co.jp,mail:done,TramNTH,ManDH,3,"0,5",,,25/11/2015,25/11/2015,,11:15,15:15,,1:00,"3,00","0,00",,TramNTH,3,,,,,,,1
1,v1511-0341,24/11/2015,Ariyoshi,apzero.co.jp,mail:done,TrucPTT,ManDH,"3,5",1,,,25/11/2015,25/11/2015,,10:30,15:00,,1:00,"3,50","0,00",http://service.fvn-office.net/fvn/TrucPTT_panda/341/about/gallery.html,TrucPTT,"3,5",,,,,,,1
1,v1511-0342,24/11/2015,Lim,shika-kaigyo.com,mail:done,DiepBNH,ManDH,4,1,,,25/11/2015,25/11/2015,,13:00,17:00,,,"4,00","0,00",,DiepBNH,4,,,,,,,1
1,v1511-0348,25/11/2015,Ariyoshi,aratashika.com,mail:done,LamNTP,ManDH,"2,5","0,5",,,25/11/2015,25/11/2015,,13:00,15:30,,,"2,50","0,00",,LamNTP,"2,5",,,,,,,1
1,v1511-0332,24/11/2015,Suzuki,irie-oralimplant.com,mail:done,BinhNT,NguyenLDH,6,1,,,26/11/2015,26/11/2015,yes,8:30,15:30,,1:00,"6,00","0,00","responsive,331,332,333 là 1 order",BinhNT,6,,,,,,,1
1,v1511-0338,24/11/2015,Nishitani,atorie-en.com,mail:done,DiepBNH,ManDH,"2,5","0,5",,,26/11/2015,25/11/2015,,13:00,15:30,,,"2,50","0,00",,DiepBNH,"2,5",,,,,,,1
1,v1511-0339,24/11/2015,Tanaka,mataki-shika.com,mail:done,DiepBNH,ManDH,2,"0,5",,,26/11/2015,24/11/2015,,10:30,13:30,,1:00,"2,00","0,00",,DiepBNH,2,,,,,,,1
1,v1511-0343,25/11/2015,Shinozuka,taneichi-shika.jp,mail:done,TienND,NguyenLDH,1,0,12:00,,26/11/2015,25/11/2015,,8:30,9:30,,,"1,00","0,00",,TienND,1,,,,,,,1
1,v1511-0344,24/11/2015,Kaneko,park-shika.com,mail:done,ThuyTTN,ManDH,"2,5","0,5",13:00,,26/11/2015,26/11/2015,yes,9:00,11:00,,,"2,00","-0,50",,ThuyTTN,"2,5",,,,,,,1
1,v1511-0345,25/11/2015,Takeuchi,sakyoyama-dc.com,mail:done,TramNTH,ManDH,3,0,,,26/11/2015,25/11/2015,yes,15:00,17:30,,,"2,50","-0,50",,TramNTH,3,,,,,,,1
1,v1511-0346,25/11/2015,Asano,bridge-us.jp,mail:done,TruyenLC,NguyenLDH,5,1,13:30,,26/11/2015,25/11/2015,,8:30,12:00,,,"3,50","-1,50",,TruyenLC,5,,,,,,,1
1,v1511-0347,25/11/2015,Shinozuka,higu-dc.net,mail:done,LamNTP,ManDH,"2,5",0,13:00,,26/11/2015,25/11/2015,,9:30,12:00,,,"2,50","0,00",,LamNTP,"2,5",,,,,,,1
1,v1511-0349,25/11/2015,Tanaka,yoshikawa-implant.jp,mail:done,ThuyTTN,ManDH,5,1,,,26/11/2015,26/11/2015,,11:00,16:30,,1:00,"4,50","-0,50",http://service.fvn-office.net/fvn/thuyttn/v1511-0349_yoshikawa-implant.jp/151126_02_bk/,ThuyTTN,5,,,,,,,1
1,v1511-0350,25/11/2015,Asano,silk-house.jp,mail:done,ThuyTTN,ManDH,"4,5",1,,,26/11/2015,25/11/2015,yes,14:00,17:30,,,"3,50","-1,00",,ThuyTTN,"4,5",,,,,,,1
1,v1511-0351,25/11/2015,Tanaka,tatsumi-shika.com,mail:done,TrucPTT,ManDH,"2,5","0,5",,,26/11/2015,25/11/2015,,15:00,17:15,,,"2,25","-0,25",,TrucPTT,"2,5",,,,,,,1
1,v1511-0352,25/11/2015,Takeuchi,child-lesson.com,mail:done,TrucPTT,NguyenLDH,5,0,,,26/11/2015,26/11/2015,yes,11:30,17:30,,1:00,"5,00","0,00",,ThuyTTN,"4,5",,,,,,,1
1,v1511-0354,25/11/2015,Miyagi,kazusagoi-shika.com,mail:done,NhaNTT,NguyenLDH,"1,5",0,12:00,,26/11/2015,24/11/2015,,13:00,14:30,,,"1,50","0,00",,NhaNTT,"1,5",,,,,,,1
1,v1511-0355,25/11/2015,Yoshioka,sanwa-const.jp,mail:done,TienND,NguyenLDH,2,0,13:30,,26/11/2015,26/11/2015,,13:00,15:00,,,"2,00","0,00",,TienND,2,,,,,,,1
1,v1511-0356,25/11/2015,Yoshioka,news-importcars.com,mail:done,TienND,NguyenLDH,2,0,12:30,,26/11/2015,25/11/2015,,10:00,12:00,,,"2,00","0,00",,TienND,2,,,,,,,1
1,v1511-0357,25/11/2015,Yoshioka,futurebud.co.jp,mail:done,VuLDN,NguyenLDH,1,0,14:30,,26/11/2015,26/11/2015,,8:30,9:30,,,"1,00","0,00",,VuLDN,1,,,,,,,1
1,v1511-0358,25/11/2015,Ariyoshi,kogadental.com,mail:done,TrucPTT,ManDH,"3,5",1,,,26/11/2015,26/11/2015,,8:30,11:30,,,"3,00","-0,50",,TrucPTT,"3,5",,,,,,,1
1,v1511-0359,25/11/2015,Miyagi,hiroko-dc.com,mail:done,NhaNTT,NguyenLDH,"1,5",0,13:00,,26/11/2015,25/11/2015,,8:30,10:00,,,"1,50","0,00",,NhaNTT,"1,5",,,,,,,1
1,v1511-0360,25/11/2015,Ariyoshi,withwatabe.jp,mail:done,TienND,NguyenLDH,3,"0,5",,,26/11/2015,25/11/2015,,13:00,16:00,,,"3,00","0,00",http://service.fvn-office.net/fvn/TienND/360/,TienND,3,,,,,,,1
1,v1511-0361,25/11/2015,Ishihara,freesia-dc.com,mail:done,NhaNTT,ManDH,"2,5","0,5",,,26/11/2015,25/11/2015,yes,14:30,17:00,,,"2,50","0,00",,NhaNTT,"2,5",,,,,,,1
1,v1511-0362,25/11/2015,Suzuki,clear-agency.com,mail:done,NhaNTT,ManDH,6,1,,,26/11/2015,26/11/2015,,8:30,15:00,,1:00,"5,50","-0,50",,NhaNTT,6,,,,,,,1
1,v1511-0363,25/11/2015,Ariyoshi,tout-couleur.com,mail:done,NamPQ,NguyenLDH,6,1,,,26/11/2015,26/11/2015,,8:30,15:30,,1:00,"6,00","0,00",thêm công số cho 329,NamPQ,6,,,,,,,1
1,v1511-0364,25/11/2015,Suzuki,jyosuidori-kogadental.com,mail:done,KhangPH,ManDH,"1,5","0,5",,,26/11/2015,26/11/2015,,8:30,10:00,,,"1,50","0,00",,KhangPH,"1,5",,,,,,,1
1,v1511-0365,25/11/2015,Suzuki,i-aiai.co.jp,mail:done,KhangPH,ManDH,3,"0,5",,,26/11/2015,26/11/2015,,10:00,14:00,,1:00,"3,00","0,00",sửa Google map trên Safari,KhangPH,3,,,,,,,1
1,v1511-0366,25/11/2015,Takeuchi,ashiba-msk.jp,mail:done,KhangPH,ManDH,"0,5",0,,,26/11/2015,26/11/2015,,14:00,14:30,,,"0,50","0,00",,KhangPH,"0,5",,,,,,,1
1,v1511-0367,25/11/2015,Ariyoshi,nakashima-shika.net,mail:done,TramNTH,NguyenLDH,4,1,,,26/11/2015,26/11/2015,,8:30,12:00,,,"3,50","-0,50",,TramNTH,4,,,,,,,1
1,v1511-0368,25/11/2015,Ariyoshi,yoshiki-dc.com,mail:done,TramNTH,NguyenLDH,3,1,,,26/11/2015,26/11/2015,,15:00,17:30,,,"2,50","-0,50",,TramNTH,3,,,,,,,1
1,v1511-0369,25/11/2015,Tanaka,tvmeeting.jp,mail:done,TramNTH,NguyenLDH,2,"0,5",,,26/11/2015,26/11/2015,,13:00,15:00,,,"2,00","0,00",http://service.fvn-office.net/fvn/TramNTH/0369/fmail/fmail.cgi,TramNTH,2,,,,,,,1
1,v1511-0333,24/11/2015,Suzuki,irie-oralimplant.com,mail:done,BinhNT,NguyenLDH,10,2,,,27/11/2015,27/11/2015,yes,8:30,19:30,,1:00,"10,00","0,00","http://service.fvn-office.net/fvn/binhnt/331/
responsive,331,332,333 là 1 order",BinhNT,10,,,,,,,1
1,v1511-0370,26/11/2015,Takeuchi,child-lesson.com,mail:done,TrucPTT,ChiTC,6,0,,,27/11/2015,27/11/2015,yes,11:25,17:30,,1:00,"5,08","-0,92",http://service.fvn-office.net/fvn/TrucPTT_panda/370/fmail/fmail.cgi,TrucPTT,6,,,,,,,1
1,v1511-0371,26/11/2015,Ishihara,bisainomori.com,mail:done,TienND,ManDH,4,1,15:00,,27/11/2015,27/11/2015,,10:30,15:00,,1:00,"3,50","-0,50",,TienND,4,,,,,,,1
1,v1511-0372,26/11/2015,Kaneko,salon.nailcraft.co.jp,mail:done,TienND,ChiTC,"1,5","0,5",13:00,,27/11/2015,27/11/2015,yes,9:00,10:30,,,"1,50","0,00",,TienND,"1,5",,,,,,,1
1,v1511-0373,26/11/2015,Suzuki,fujiken-house.jp,mail:done,NhaNTT,ChiTC,"4,5",1,16:00,,27/11/2015,27/11/2015,,8:30,14:00,,1:00,"4,50","0,00",http://service.fvn-office.net/fvn/NhaNTT/1511_373/blog/cat1508.php,NhaNTT,"4,5",,,,,,,1
1,v1511-0374,26/11/2015,Miyagi,sakura-shika.com,mail:done,ThanhNLY,ChiTC,"0,5",0,12:00,,27/11/2015,26/11/2015,,13:30,14:00,,,"0,50","0,00",,ThanhNLY,"0,5",,,,,,,1
1,v1511-0375,26/11/2015,Takeuchi,esthe-vivid.com,mail:done,ThuyTTN,ChiTC,3,0,,,27/11/2015,27/11/2015,,13:00,16:00,,,"3,00","0,00",http://service.fvn-office.net/fvn/thuyttn/v1511-0375_esthe-vivid.com/151127_02_bk/index.html,ThuyTTN,3,,,,,,,1
1,v1511-0376,26/11/2015,Ariyoshi,ecomde-eco.co.jp,mail:done,NhaNTT,ChiTC,"3,5",1,,,27/11/2015,27/11/2015,,14:00,17:00,,,"3,00","-0,50",http://service.fvn-office.net/fvn/NhaNTT/1511_376/works_list/,NhaNTT,"3,5",,,,,,,1
1,v1511-0377,26/11/2015,Ishihara,murakami-dc.jp,mail:done,ThanhNLY,ManDH,3,"0,5",,,27/11/2015,26/11/2015,,14:00,17:00,,,"3,00","0,00",,ThanhNLY,3,,,,,,,1
1,v1511-0378,26/11/2015,Suzuki,ohashi-inc.com,mail:done,KhangPH,NguyenLDH,"1,5","0,5",16:00,,27/11/2015,27/11/2015,,10:30,12:00,,,"1,50","0,00",,KhangPH,"1,5",,,,,,,1
1,v1511-0379,26/11/2015,Ariyoshi,kenfield.co.jp,mail:done,NhaNTT,ChiTC,"2,5","0,5",,,27/11/2015,26/11/2015,,15:00,17:30,,,"2,50","0,00",,NhaNTT,"2,5",,,,,,,1
1,v1511-0381,26/11/2015,Nishitani,dentaljapan.jp,mail:done,KhangPH,NguyenLDH,2,"0,5",15:00,,27/11/2015,27/11/2015,,8:30,10:30,,,"2,00","0,00",,KhangPH,2,,,,,,,1
1,v1511-0382,26/11/2015,Kaneko,arena-dog.com,mail:done,ThuyTTN,NguyenLDH,"1,5","0,5",13:00,,27/11/2015,26/11/2015,,16:30,18:00,,,"1,50","0,00",,ThuyTTN,"1,5",,,,,,,1
1,v1511-0383,26/11/2015,Ariyoshi,smilekobo.jp,mail:done,KhangPH,ManDH,"2,5","0,5",,,27/11/2015,27/11/2015,,13:00,15:30,,,"2,50","0,00",,KhangPH,"2,5",,,,,,,1
1,v1511-0384,26/11/2015,Nishitani,arbic-chintai.jp,mail:done,DiepBNH,NguyenLDH,2,"0,5",,,27/11/2015,27/11/2015,,9:00,11:00,,,"2,00","0,00",,DiepBNH,2,,,,,,,1
1,v1511-0385,26/11/2015,Ariyoshi,water-juliet.com,mail:done,TramNTH,NguyenLDH,"2,5","0,5",,,27/11/2015,27/11/2015,,11:00,14:00,,1:00,"2,00","-0,50",,TramNTH,"2,5",,,,,,,1
1,v1511-0386,26/11/2015,Suzuki,dental-takeo.com,mail:done,TramNTH,NguyenLDH,2,"0,5",16:00,,27/11/2015,27/11/2015,,8:30,9:30,,,"1,00","-1,00",,TramNTH,2,,,,,,,1
1,v1511-0387,26/11/2015,Suzuki,takeo-implant.com,mail:done,TramNTH,NguyenLDH,2,"0,5",16:00,,27/11/2015,27/11/2015,,9:30,11:00,,,"1,50","-0,50",,TramNTH,2,,,,,,,1
1,v1511-0388,26/11/2015,Suzuki,artsystem-fuk.jp,mail:done,HuyTV,ManDH,6,1,,,27/11/2015,27/11/2015,,8:30,15:30,,1:00,"6,00","0,00",,HuyTV,6,,,,,,,1
1,v1511-0390,26/11/2015,Ariyoshi,englishschool-wing.com,mail:done,KhangPH,ManDH,3,1,,,27/11/2015,27/11/2015,,15:30,18:30,,,"3,00","0,00",,KhangPH,3,,,,,,,1
1,v1511-0394,26/11/2015,Ariyoshi,begood-r.com,mail:done,TrucPTT,ManDH,3,"0,5",,,27/11/2015,27/11/2015,,8:30,11:25,,,"2,92","-0,08",,TrucPTT,3,,,,,,,1
1,v1511-0395,26/11/2015,Nishitani,murasakishika.com,mail:done,NhaNTT,ManDH,1,"0,5",,,27/11/2015,27/11/2015,,17:00,17:30,,,"0,50","-0,50",,NhaNTT,1,,,,,,,1
1,v1511-0396,26/11/2015,Nishitani,kitazono-ortho.com,mail:done,NamPQ,ManDH,1,"0,5",,,27/11/2015,26/11/2015,,16:00,17:00,,,"1,00","0,00",,NamPQ,1,,,,,,,1
1,v1511-0397,26/11/2015,Tanaka,mokuzo-kenchiku.com,mail:done,TramNTH,ManDH,5,1,,,27/11/2015,27/11/2015,,13:30,17:30,,,"4,00","-1,00",,TramNTH,5,,,,,,,1
1,v1511-0400,26/11/2015,Ishihara,awning21.com,mail:done,DiepBNH,NguyenLDH,"0,5","0,5",,,27/11/2015,27/11/2015,,8:30,9:00,,,"0,50","0,00",,DiepBNH,"0,5",,,,,,,1
1,v1511-0401,26/11/2015,Shinozuka,felicite-dc.com,mail:done,DiepBNH,ChiTC,"2,5",0,13:00,,27/11/2015,26/11/2015,,8:30,11:00,,,"2,50","0,00",,DiepBNH,"2,5",,,,,,,1
1,v1511-0403,26/11/2015,Miyagi,nakayoshi-yumetaka28-dc.com,mail:done,ThanhNT,NguyenLDH,8,0,17:30,,27/11/2015,27/11/2015,,9:00,17:30,,1:00,"7,50","-0,50",,ThanhNT,8,,,,,,,1
1,v1511-0404,26/11/2015,Tanaka,yoshikawa-implant.jp,mail:done,HuyTV,NguyenLDH,1,"0,5",,,27/11/2015,27/11/2015,,15:30,16:30,,,"1,00","0,00",,HuyTV,1,,,,,,,1
1,v1511-0323,26/11/2015,Ishihara,hasegawa-dc.com,mail:done,LinhKT,ManDH,3,"0,5",,,30/11/2015,30/11/2015,yes,8:30,11:30,,,"3,00","0,00",,ThanhNLY,3,,,,,,,1
1,v1511-0353,27/11/2015,Ishihara,tatsumi-shika.com,mail:done,ThanhNLY,ManDH,4,1,,,30/11/2015,27/11/2015,yes,10:00,14:45,,1:00,"3,75","-0,25",,ThanhNLY,4,,,,,,,1
1,v1511-0380,27/11/2015,Ishihara,hyogo-hoiku.jp,mail:done,VuLDN,ManDH,1,"0,5",,,30/11/2015,30/11/2015,,11:30,13:30,,1:00,"1,00","0,00",,VuLDN,1,,,,,,,1
1,v1511-0389,26/11/2015,Ariyoshi,project-world.jp,mail:done,TramNTH,ManDH,3,"0,5",14:00,,30/11/2015,30/11/2015,,8:30,11:30,,,"3,00","0,00",,TramNTH,3,,,,,,,1
1,v1511-0391,27/11/2015,Ariyoshi,toniguy-ito.com,mail:done,TrucPTT,ManDH,3,"0,5",,,30/11/2015,30/11/2015,,14:15,17:00,,,"2,75","-0,25",,TrucPTT,3,,,,,,,1
1,v1511-0392,27/11/2015,Ariyoshi,tsuchiya-dc.com,mail:done,VuLDN,NguyenLDH,3,1,14:00,,30/11/2015,30/11/2015,,8:30,11:30,,,"3,00","0,00","Fmail
http://service.fvn-office.net/fvn/vuldn/v1511-0392_tsuchiya-dc.com/contact/",VuLDN,3,,,,,,,1
1,v1511-0393,27/11/2015,Ariyoshi,tsuha.jp,mail:done,ThuyTTN,ManDH,"1,5","0,5",,,30/11/2015,30/11/2015,,13:00,14:30,,,"1,50","0,00",,ThuyTTN,"1,5",,,,,,,1
1,v1511-0398,26/11/2015,Nishitani,kensington-english.com,mail:done,TrucPTT,ChiTC,"1,5","0,5",15:00,,30/11/2015,30/11/2015,,13:00,14:15,,,"1,25","-0,25",,TrucPTT,"1,5",,,,,,,1
1,v1511-0399,26/11/2015,Nishitani,aratashika.com,mail:done,VuLDN,ManDH,"1,5","0,5",,,30/11/2015,30/11/2015,,13:30,15:00,,,"1,50","0,00",,VuLDN,"1,5",,,,,,,1
1,v1511-0402,27/11/2015,Ishihara,kita-dental.com,mail:done,VanVTK,ManDH,"0,5","0,5",,,30/11/2015,30/11/2015,,14:30,15:00,,,"0,50","0,00",,VanVTK,"0,5",,,,,,,1
1,v1511-0405,27/11/2015,Kaneko,taneichi-shika.jp,mail:done,ThanhNLY,NguyenLDH,"1,5","0,5",13:00,,30/11/2015,27/11/2015,,14:45,16:10,,,"1,42","-0,08",,ThanhNLY,"1,5",,,,,,,1
1,v1511-0406,27/11/2015,Ishihara,minami-dental.com,mail:done,BinhNT,ManDH,3,"0,5",,,30/11/2015,30/11/2015,yes,13:30,16:30,,,"3,00","0,00",,BinhNT,3,,,,,,,1
1,v1511-0407,27/11/2015,Nishitani,tokonavi.net,mail:done,TramNTH,NguyenLDH,5,1,,,30/11/2015,30/11/2015,,11:30,17:30,,1:00,"5,00","0,00",,TramNTH,5,,,,,,,1
1,v1511-0408,27/11/2015,Nishitani,cocoro-therapy.jp,mail:done,ThuyTTN,ManDH,3,"0,5",,,30/11/2015,30/11/2015,,9:00,12:00,,,"3,00","0,00",,ThuyTTN,3,,,,,,,1
1,v1511-0409,27/11/2015,Ishihara,tds.ac.jp,mail:done,DiepBNH,ManDH,"0,5","0,5",,,30/11/2015,30/11/2015,,9:30,10:00,,,"0,50","0,00",,DiepBNH,"0,5",,,,,,,1
1,v1511-0410,27/11/2015,Takeuchi,sakyoyama-dc.com,mail:done,ThuyTTN,ManDH,3,0,,,30/11/2015,30/11/2015,yes,14:30,17:30,,,"3,00","0,00",,ThuyTTN,3,,,,,,,1
1,v1511-0411,27/11/2015,Nishitani,protimes-kurume.com,mail:done,VanVTK,NguyenLDH,5,1,15:00,,30/11/2015,30/11/2015,,8:30,14:30,,,"6,00","1,00",,VanVTK,5,,,,,,,1
1,v1511-0412,27/11/2015,Miyagi,balio-color.com,mail:done,ThanhNLY,NguyenLDH,"4,5",0,17:30,,30/11/2015,30/11/2015,,11:30,17:00,,1:00,"4,50","0,00",,DiepBNH,"0,5",,,,,,,1
1,v1511-0413,27/11/2015,Ishihara,dental-platz.com,mail:done,DiepBNH,NguyenLDH,"0,5","0,5",,,30/11/2015,30/11/2015,,9:00,9:30,,,"0,50","0,00",,DiepBNH,"0,5",,,,,,,1
1,v1511-0414,27/11/2015,Ishihara,grace-school.jp,mail:done,BinhNT,NguyenLDH,"0,5","0,5",,,30/11/2015,30/11/2015,,13:00,13:30,,,"0,50","0,00",http://service.fvn-office.net/fvn/binhnt/414/grace/app/,BinhNT,"0,5",,,,,,,1
1,v1511-0415,27/11/2015,Ishihara,grace-school.smart-change.info,mail:done,NhaNTT,ManDH,"1,5","0,5",,,30/11/2015,30/11/2015,,13:30,15:00,,,"1,50","0,00",,NhaNTT,"1,5",,,,,,,1
1,v1511-0416,27/11/2015,Miyagi,belaire.jp,mail:done,NhaNTT,NguyenLDH,4,0,15:00,,30/11/2015,30/11/2015,,8:30,13:30,,1:00,"4,00","0,00",,NhaNTT,4,,,,,,,1
1,v1511-0417,27/11/2015,Tanaka,yoshikawa-implant.jp,mail:done,VanVTK,NguyenLDH,"2,5","0,5",,,30/11/2015,30/11/2015,yes,15:00,17:30,,,"2,50","0,00",,VanVTK,"2,5",,,,,,,1
1,v1511-0418,27/11/2015,Miyagi,nakayama-shika.com,mail:done,BinhNT,NguyenLDH,"3,5",0,15:00,,30/11/2015,30/11/2015,,8:30,12:00,,,"3,50","0,00",,BinhNT,"3,5",,,,,,,1
1,v1511-0419,27/11/2015,Tanaka,takarastampcoin.com,mail:done,DucTP,NguyenLDH,4,1,,,30/11/2015,30/11/2015,,9:30,14:30,,1:00,"4,00","0,00",,DucTP,4,,,,,,,1
1,v1511-0420,27/11/2015,Miyagi,nakayoshi-yumetaka28-dc.com/,mail:done,ThanhNT,ManDH,1,0,,,30/11/2015,30/11/2015,,9:00,10:00,,,"1,00","0,00",tiếp tục của 403,ThanhNT,1,,,,,,,1
1,v1511-0421,27/11/2015,Sawada,chiba-implant.com,mail:done,KhangPH,NguyenLDH,2,0,13:00,,30/11/2015,30/11/2015,,8:30,10:30,,,"2,00","0,00",,KhangPH,2,,,,,,,1
1,v1511-0422,27/11/2015,Yoshioka,denenchofu-dc.com,mail:done,NamPQ,NguyenLDH,1,0,13:30,,30/11/2015,30/11/2015,,8:30,9:30,,,"1,00","0,00",,NamPQ,1,,,,,,,1
1,v1511-0423,27/11/2015,Yoshioka,park-shika.com,mail:done,ThanhNLY,NguyenLDH,"2,5",0,15:00,,30/11/2015,30/11/2015,,9:00,11:30,,,"2,50","0,00",,ThanhNLY,"2,5",,,,,,,1
1,v1511-0424,27/11/2015,Sawada,ecag.co.jp,mail:done,NgocTT,NguyenLDH,"0,5",0,13:00,,30/11/2015,30/11/2015,,9:00,9:30,,,"0,50","0,00",http://192.168.50.132/Working/v1511-0424_ecag.co.jp/151130_02_bk/blog/,NgocTT,"0,5",,,,,,,1
1,v1511-0425,27/11/2015,Suzuki,artsystem-fuk.jp,mail:done,KhangPH,ManDH,6,1,,,30/11/2015,30/11/2015,yes,10:30,18:00,,1:00,"6,50","0,50",,KhangPH,6,,,,,,,1
1,v1511-0426,30/11/2015,Ishihara,okazaki-do.com,mail:done,NhaNTT,ManDH,2,"0,5",,,30/11/2015,30/11/2015,,15:00,17:00,,,"2,00","0,00",,NhaNTT,2,,,,,,,1
1,v1511-0427,30/11/2015,Ariyoshi,tout-couleur.com,mail:done,DiepBNH,NguyenLDH,"2,5","0,5",,,30/11/2015,30/11/2015,,10:00,12:30,,,"2,50","0,00",,DiepBNH,"2,5",,,,,,,1
1,v1511-0428,30/11/2015,Suzuki,ichiban-foods.jp,mail:done,BichVTN,NguyenLDH,3,"0,5",,,30/11/2015,30/11/2015,,13:00,16:00,,,"3,00","0,00",,BichVTN,3,,,,,,,1
1,v1511-0074,,,,,,,,,,,,,,,,,,"0,00","0,00",,,,,,,,,,0
1,v1511-0169,,,,,,,,,,,,,,,,,,"0,00","0,00",,,,,,,,,,0
1,v1511-0328,,,,,,,,,,,,,,,,,,"0,00","0,00",,,,,,,,,,0
1,v1511-0429,,,,,,,,,,,,,,,,,,"0,00","0,00",,,,,,,,,,0
1,v1511-0430,,,,,,,,,,,,,,,,,,"0,00","0,00",,,,,,,,,,0
1,v1511-0431,,,,,,,,,,,,,,,,,,"0,00","0,00",,,,,,,,,,0
1,v1511-0432,,,,,,,,,,,,,,,,,,"0,00","0,00",,,,,,,,,,0
1,v1511-0433,,,,,,,,,,,,,,,,,,"0,00","0,00",,,,,,,,,,0
1,v1511-0434,,,,,,,,,,,,,,,,,,"0,00","0,00",,,,,,,,,,0
1,v1511-0435,,,,,,,,,,,,,,,,,,"0,00","0,00",,,,,,,,,,0
1,v1511-0436,,,,,,,,,,,,,,,,,,"0,00","0,00",,,,,,,,,,0
1,v1511-0437,,,,,,,,,,,,,,,,,,"0,00","0,00",,,,,,,,,,0
1,v1511-0438,,,,,,,,,,,,,,,,,,"0,00","0,00",,,,,,,,,,0
1,v1511-0439,,,,,,,,,,,,,,,,,,"0,00","0,00",,,,,,,,,,0
1,v1511-0440,,,,,,,,,,,,,,,,,,"0,00","0,00",,,,,,,,,,0
1,v1511-0441,,,,,,,,,,,,,,,,,,"0,00","0,00",,,,,,,,,,0
1,v1511-0442,,,,,,,,,,,,,,,,,,"0,00","0,00",,,,,,,,,,0
1,v1511-0443,,,,,,,,,,,,,,,,,,"0,00","0,00",,,,,,,,,,0
1,v1511-0444,,,,,,,,,,,,,,,,,,"0,00","0,00",,,,,,,,,,0
1,v1511-0445,,,,,,,,,,,,,,,,,,"0,00","0,00",,,,,,,,,,0
1,v1511-0446,,,,,,,,,,,,,,,,,,"0,00","0,00",,,,,,,,,,0
1,v1511-0447,,,,,,,,,,,,,,,,,,"0,00","0,00",,,,,,,,,,0
1,v1511-0448,,,,,,,,,,,,,,,,,,"0,00","0,00",,,,,,,,,,0
1,v1511-0449,,,,,,,,,,,,,,,,,,"0,00","0,00",,,,,,,,,,0
1,v1511-0450,,,,,,,,,,,,,,,,,,"0,00","0,00",,,,,,,,,,0
1,v1511-0451,,,,,,,,,,,,,,,,,,"0,00","0,00",,,,,,,,,,0
1,v1511-0452,,,,,,,,,,,,,,,,,,"0,00","0,00",,,,,,,,,,0
1,v1511-0453,,,,,,,,,,,,,,,,,,"0,00","0,00",,,,,,,,,,0
1,v1511-0454,,,,,,,,,,,,,,,,,,"0,00","0,00",,,,,,,,,,0
1,v1511-0455,,,,,,,,,,,,,,,,,,"0,00","0,00",,,,,,,,,,0
1,v1511-0456,,,,,,,,,,,,,,,,,,"0,00","0,00",,,,,,,,,,0
1,v1511-0457,,,,,,,,,,,,,,,,,,"0,00","0,00",,,,,,,,,,0
1,v1511-0458,,,,,,,,,,,,,,,,,,"0,00","0,00",,,,,,,,,,0
1,v1511-0459,,,,,,,,,,,,,,,,,,"0,00","0,00",,,,,,,,,,0
1,v1511-0460,,,,,,,,,,,,,,,,,,"0,00","0,00",,,,,,,,,,0
1,v1511-0461,,,,,,,,,,,,,,,,,,"0,00","0,00",,,,,,,,,,0
1,v1511-0462,,,,,,,,,,,,,,,,,,"0,00","0,00",,,,,,,,,,0
1,v1511-0463,,,,,,,,,,,,,,,,,,"0,00","0,00",,,,,,,,,,0
1,v1511-0464,,,,,,,,,,,,,,,,,,"0,00","0,00",,,,,,,,,,0
1,v1511-0465,,,,,,,,,,,,,,,,,,"0,00","0,00",,,,,,,,,,0
1,v1511-0466,,,,,,,,,,,,,,,,,,"0,00","0,00",,,,,,,,,,0
1,v1511-0467,,,,,,,,,,,,,,,,,,"0,00","0,00",,,,,,,,,,0
1,v1511-0468,,,,,,,,,,,,,,,,,,"0,00","0,00",,,,,,,,,,0
1,v1511-0469,,,,,,,,,,,,,,,,,,"0,00","0,00",,,,,,,,,,0
1,v1511-0470,,,,,,,,,,,,,,,,,,"0,00","0,00",,,,,,,,,,0
1,v1511-0471,,,,,,,,,,,,,,,,,,"0,00","0,00",,,,,,,,,,0
1,v1511-0472,,,,,,,,,,,,,,,,,,"0,00","0,00",,,,,,,,,,0
1,v1511-0473,,,,,,,,,,,,,,,,,,"0,00","0,00",,,,,,,,,,0
1,v1511-0474,,,,,,,,,,,,,,,,,,"0,00","0,00",,,,,,,,,,0
1,v1511-0475,,,,,,,,,,,,,,,,,,"0,00","0,00",,,,,,,,,,0
1,v1511-0476,,,,,,,,,,,,,,,,,,"0,00","0,00",,,,,,,,,,0
1,v1511-0477,,,,,,,,,,,,,,,,,,"0,00","0,00",,,,,,,,,,0
1,v1511-0478,,,,,,,,,,,,,,,,,,"0,00","0,00",,,,,,,,,,0
1,v1511-0479,,,,,,,,,,,,,,,,,,"0,00","0,00",,,,,,,,,,0
1,v1511-0480,,,,,,,,,,,,,,,,,,"0,00","0,00",,,,,,,,,,0
1,v1511-0481,,,,,,,,,,,,,,,,,,"0,00","0,00",,,,,,,,,,0
1,v1511-0482,,,,,,,,,,,,,,,,,,"0,00","0,00",,,,,,,,,,0
1,v1511-0483,,,,,,,,,,,,,,,,,,"0,00","0,00",,,,,,,,,,0
1,v1511-0484,,,,,,,,,,,,,,,,,,"0,00","0,00",,,,,,,,,,0
1,v1511-0485,,,,,,,,,,,,,,,,,,"0,00","0,00",,,,,,,,,,0
1,v1511-0486,,,,,,,,,,,,,,,,,,"0,00","0,00",,,,,,,,,,0
1,v1511-0487,,,,,,,,,,,,,,,,,,"0,00","0,00",,,,,,,,,,0
1,v1511-0488,,,,,,,,,,,,,,,,,,"0,00","0,00",,,,,,,,,,0
1,v1511-0489,,,,,,,,,,,,,,,,,,"0,00","0,00",,,,,,,,,,0
1,v1511-0490,,,,,,,,,,,,,,,,,,"0,00","0,00",,,,,,,,,,0
1,v1511-0491,,,,,,,,,,,,,,,,,,"0,00","0,00",,,,,,,,,,0
1,v1511-0492,,,,,,,,,,,,,,,,,,"0,00","0,00",,,,,,,,,,0
1,v1511-0493,,,,,,,,,,,,,,,,,,"0,00","0,00",,,,,,,,,,0
1,v1511-0494,,,,,,,,,,,,,,,,,,"0,00","0,00",,,,,,,,,,0
1,v1511-0495,,,,,,,,,,,,,,,,,,"0,00","0,00",,,,,,,,,,0
1,v1511-0496,,,,,,,,,,,,,,,,,,"0,00","0,00",,,,,,,,,,0
1,v1511-0497,,,,,,,,,,,,,,,,,,"0,00","0,00",,,,,,,,,,0
1,v1511-0498,,,,,,,,,,,,,,,,,,"0,00","0,00",,,,,,,,,,0
1,v1511-0499,,,,,,,,,,,,,,,,,,"0,00","0,00",,,,,,,,,,0
1,v1511-0500,,,,,,,,,,,,,,,,,,"0,00","0,00",,,,,,,,,,0
1,v1511-0501,,,,,,,,,,,,,,,,,,"0,00","0,00",,,,,,,,,,0
1,v1511-0502,,,,,,,,,,,,,,,,,,"0,00","0,00",,,,,,,,,,0
1,v1511-0503,,,,,,,,,,,,,,,,,,"0,00","0,00",,,,,,,,,,0
1,v1511-0504,,,,,,,,,,,,,,,,,,"0,00","0,00",,,,,,,,,,0
1,v1511-0505,,,,,,,,,,,,,,,,,,"0,00","0,00",,,,,,,,,,0
1,v1511-0506,,,,,,,,,,,,,,,,,,"0,00","0,00",,,,,,,,,,0
1,v1511-0507,,,,,,,,,,,,,,,,,,"0,00","0,00",,,,,,,,,,0
1,v1511-0508,,,,,,,,,,,,,,,,,,"0,00","0,00",,,,,,,,,,0
1,v1511-0509,,,,,,,,,,,,,,,,,,"0,00","0,00",,,,,,,,,,0
1,v1511-0510,,,,,,,,,,,,,,,,,,"0,00","0,00",,,,,,,,,,0
1,v1511-0511,,,,,,,,,,,,,,,,,,"0,00","0,00",,,,,,,,,,0
1,v1511-0512,,,,,,,,,,,,,,,,,,"0,00","0,00",,,,,,,,,,0
1,v1511-0513,,,,,,,,,,,,,,,,,,"0,00","0,00",,,,,,,,,,0
1,v1511-0514,,,,,,,,,,,,,,,,,,"0,00","0,00",,,,,,,,,,0
1,v1511-0515,,,,,,,,,,,,,,,,,,"0,00","0,00",,,,,,,,,,0
1,v1511-0516,,,,,,,,,,,,,,,,,,"0,00","0,00",,,,,,,,,,0
1,v1511-0517,,,,,,,,,,,,,,,,,,"0,00","0,00",,,,,,,,,,0
1,v1511-0518,,,,,,,,,,,,,,,,,,"0,00","0,00",,,,,,,,,,0
1,v1511-0519,,,,,,,,,,,,,,,,,,"0,00","0,00",,,,,,,,,,0
1,v1511-0520,,,,,,,,,,,,,,,,,,"0,00","0,00",,,,,,,,,,0
1,v1511-0521,,,,,,,,,,,,,,,,,,"0,00","0,00",,,,,,,,,,0
1,v1511-0522,,,,,,,,,,,,,,,,,,"0,00","0,00",,,,,,,,,,0
1,v1511-0523,,,,,,,,,,,,,,,,,,"0,00","0,00",,,,,,,,,,0
1,v1511-0524,,,,,,,,,,,,,,,,,,"0,00","0,00",,,,,,,,,,0
1,v1511-0525,,,,,,,,,,,,,,,,,,"0,00","0,00",,,,,,,,,,0
1,v1511-0526,,,,,,,,,,,,,,,,,,"0,00","0,00",,,,,,,,,,0
1,v1511-0527,,,,,,,,,,,,,,,,,,"0,00","0,00",,,,,,,,,,0
1,v1511-0528,,,,,,,,,,,,,,,,,,"0,00","0,00",,,,,,,,,,0
1,v1511-0529,,,,,,,,,,,,,,,,,,"0,00","0,00",,,,,,,,,,0
1,v1511-0530,,,,,,,,,,,,,,,,,,"0,00","0,00",,,,,,,,,,0
1,v1511-0531,,,,,,,,,,,,,,,,,,"0,00","0,00",,,,,,,,,,0
1,v1511-0532,,,,,,,,,,,,,,,,,,"0,00","0,00",,,,,,,,,,0
1,v1511-0533,,,,,,,,,,,,,,,,,,"0,00","0,00",,,,,,,,,,0
1,v1511-0534,,,,,,,,,,,,,,,,,,"0,00","0,00",,,,,,,,,,0
1,v1511-0535,,,,,,,,,,,,,,,,,,"0,00","0,00",,,,,,,,,,0
1,v1511-0536,,,,,,,,,,,,,,,,,,"0,00","0,00",,,,,,,,,,0
1,v1511-0537,,,,,,,,,,,,,,,,,,"0,00","0,00",,,,,,,,,,0
1,v1511-0538,,,,,,,,,,,,,,,,,,"0,00","0,00",,,,,,,,,,0
1,v1511-0539,,,,,,,,,,,,,,,,,,"0,00","0,00",,,,,,,,,,0
1,v1511-0540,,,,,,,,,,,,,,,,,,"0,00","0,00",,,,,,,,,,0
1,v1511-0541,,,,,,,,,,,,,,,,,,"0,00","0,00",,,,,,,,,,0
1,v1511-0542,,,,,,,,,,,,,,,,,,"0,00","0,00",,,,,,,,,,0
1,v1511-0543,,,,,,,,,,,,,,,,,,"0,00","0,00",,,,,,,,,,0
1,v1511-0544,,,,,,,,,,,,,,,,,,"0,00","0,00",,,,,,,,,,0
1,v1511-0545,,,,,,,,,,,,,,,,,,"0,00","0,00",,,,,,,,,,0
1,v1511-0546,,,,,,,,,,,,,,,,,,"0,00","0,00",,,,,,,,,,0
1,v1511-0547,,,,,,,,,,,,,,,,,,"0,00","0,00",,,,,,,,,,0
1,v1511-0548,,,,,,,,,,,,,,,,,,"0,00","0,00",,,,,,,,,,0
1,v1511-0549,,,,,,,,,,,,,,,,,,"0,00","0,00",,,,,,,,,,0
1,v1511-0550,,,,,,,,,,,,,,,,,,"0,00","0,00",,,,,,,,,,0
1,v1511-0551,,,,,,,,,,,,,,,,,,"0,00","0,00",,,,,,,,,,0
1,v1511-0552,,,,,,,,,,,,,,,,,,"0,00","0,00",,,,,,,,,,0
1,v1511-0553,,,,,,,,,,,,,,,,,,"0,00","0,00",,,,,,,,,,0
1,v1511-0554,,,,,,,,,,,,,,,,,,"0,00","0,00",,,,,,,,,,0
1,v1511-0555,,,,,,,,,,,,,,,,,,"0,00","0,00",,,,,,,,,,0
1,v1511-0556,,,,,,,,,,,,,,,,,,"0,00","0,00",,,,,,,,,,0
1,v1511-0557,,,,,,,,,,,,,,,,,,"0,00","0,00",,,,,,,,,,0
1,v1511-0558,,,,,,,,,,,,,,,,,,"0,00","0,00",,,,,,,,,,0
1,v1511-0559,,,,,,,,,,,,,,,,,,"0,00","0,00",,,,,,,,,,0
1,v1511-0560,,,,,,,,,,,,,,,,,,"0,00","0,00",,,,,,,,,,0
1,v1511-0561,,,,,,,,,,,,,,,,,,"0,00","0,00",,,,,,,,,,0
1,v1511-0562,,,,,,,,,,,,,,,,,,"0,00","0,00",,,,,,,,,,0
1,v1511-0563,,,,,,,,,,,,,,,,,,"0,00","0,00",,,,,,,,,,0
1,v1511-0564,,,,,,,,,,,,,,,,,,"0,00","0,00",,,,,,,,,,0
1,v1511-0565,,,,,,,,,,,,,,,,,,"0,00","0,00",,,,,,,,,,0
1,v1511-0566,,,,,,,,,,,,,,,,,,"0,00","0,00",,,,,,,,,,0
1,v1511-0567,,,,,,,,,,,,,,,,,,"0,00","0,00",,,,,,,,,,0
1,v1511-0568,,,,,,,,,,,,,,,,,,"0,00","0,00",,,,,,,,,,0
1,v1511-0569,,,,,,,,,,,,,,,,,,"0,00","0,00",,,,,,,,,,0
1,v1511-0570,,,,,,,,,,,,,,,,,,"0,00","0,00",,,,,,,,,,0
1,v1511-0571,,,,,,,,,,,,,,,,,,"0,00","0,00",,,,,,,,,,0
1,v1511-0572,,,,,,,,,,,,,,,,,,"0,00","0,00",,,,,,,,,,0
1,v1511-0573,,,,,,,,,,,,,,,,,,"0,00","0,00",,,,,,,,,,0
1,v1511-0574,,,,,,,,,,,,,,,,,,"0,00","0,00",,,,,,,,,,0
1,v1511-0575,,,,,,,,,,,,,,,,,,"0,00","0,00",,,,,,,,,,0
1,v1511-0576,,,,,,,,,,,,,,,,,,"0,00","0,00",,,,,,,,,,0
1,v1511-0577,,,,,,,,,,,,,,,,,,"0,00","0,00",,,,,,,,,,0
1,v1511-0578,,,,,,,,,,,,,,,,,,"0,00","0,00",,,,,,,,,,0
1,v1511-0579,,,,,,,,,,,,,,,,,,"0,00","0,00",,,,,,,,,,0
1,v1511-0580,,,,,,,,,,,,,,,,,,"0,00","0,00",,,,,,,,,,0
1,v1511-0581,,,,,,,,,,,,,,,,,,"0,00","0,00",,,,,,,,,,0
1,v1511-0582,,,,,,,,,,,,,,,,,,"0,00","0,00",,,,,,,,,,0
1,v1511-0583,,,,,,,,,,,,,,,,,,"0,00","0,00",,,,,,,,,,0
1,v1511-0584,,,,,,,,,,,,,,,,,,"0,00","0,00",,,,,,,,,,0
1,v1511-0585,,,,,,,,,,,,,,,,,,"0,00","0,00",,,,,,,,,,0
1,v1511-0586,,,,,,,,,,,,,,,,,,"0,00","0,00",,,,,,,,,,0
1,v1511-0587,,,,,,,,,,,,,,,,,,"0,00","0,00",,,,,,,,,,0
1,v1511-0588,,,,,,,,,,,,,,,,,,"0,00","0,00",,,,,,,,,,0
1,v1511-0589,,,,,,,,,,,,,,,,,,"0,00","0,00",,,,,,,,,,0
1,v1511-0590,,,,,,,,,,,,,,,,,,"0,00","0,00",,,,,,,,,,0
1,v1511-0591,,,,,,,,,,,,,,,,,,"0,00","0,00",,,,,,,,,,0
1,v1511-0592,,,,,,,,,,,,,,,,,,"0,00","0,00",,,,,,,,,,0
1,v1511-0593,,,,,,,,,,,,,,,,,,"0,00","0,00",,,,,,,,,,0
1,v1511-0594,,,,,,,,,,,,,,,,,,"0,00","0,00",,,,,,,,,,0
1,v1511-0595,,,,,,,,,,,,,,,,,,"0,00","0,00",,,,,,,,,,0
1,v1511-0596,,,,,,,,,,,,,,,,,,"0,00","0,00",,,,,,,,,,0
1,v1511-0597,,,,,,,,,,,,,,,,,,"0,00","0,00",,,,,,,,,,0
1,v1511-0598,,,,,,,,,,,,,,,,,,"0,00","0,00",,,,,,,,,,0
1,v1511-0599,,,,,,,,,,,,,,,,,,"0,00","0,00",,,,,,,,,,0
1,v1511-0600,,,,,,,,,,,,,,,,,,"0,00","0,00",,,,,,,,,,0
1,v1511-0601,,,,,,,,,,,,,,,,,,"0,00","0,00",,,,,,,,,,0
1,v1511-0602,,,,,,,,,,,,,,,,,,"0,00","0,00",,,,,,,,,,0
1,v1511-0603,,,,,,,,,,,,,,,,,,"0,00","0,00",,,,,,,,,,0
1,v1511-0604,,,,,,,,,,,,,,,,,,"0,00","0,00",,,,,,,,,,0
1,v1511-0605,,,,,,,,,,,,,,,,,,"0,00","0,00",,,,,,,,,,0
1,v1511-0606,,,,,,,,,,,,,,,,,,"0,00","0,00",,,,,,,,,,0
1,v1511-0607,,,,,,,,,,,,,,,,,,"0,00","0,00",,,,,,,,,,0
1,v1511-0608,,,,,,,,,,,,,,,,,,"0,00","0,00",,,,,,,,,,0
1,v1511-0609,,,,,,,,,,,,,,,,,,"0,00","0,00",,,,,,,,,,0
1,v1511-0610,,,,,,,,,,,,,,,,,,"0,00","0,00",,,,,,,,,,0
1,v1511-0611,,,,,,,,,,,,,,,,,,"0,00","0,00",,,,,,,,,,0
1,v1511-0612,,,,,,,,,,,,,,,,,,"0,00","0,00",,,,,,,,,,0
1,v1511-0613,,,,,,,,,,,,,,,,,,"0,00","0,00",,,,,,,,,,0
1,v1511-0614,,,,,,,,,,,,,,,,,,"0,00","0,00",,,,,,,,,,0
1,v1511-0615,,,,,,,,,,,,,,,,,,"0,00","0,00",,,,,,,,,,0
1,v1511-0616,,,,,,,,,,,,,,,,,,"0,00","0,00",,,,,,,,,,0
1,v1511-0617,,,,,,,,,,,,,,,,,,"0,00","0,00",,,,,,,,,,0
1,v1511-0618,,,,,,,,,,,,,,,,,,"0,00","0,00",,,,,,,,,,0
1,v1511-0619,,,,,,,,,,,,,,,,,,"0,00","0,00",,,,,,,,,,0
1,v1511-0620,,,,,,,,,,,,,,,,,,"0,00","0,00",,,,,,,,,,0
1,v1511-0621,,,,,,,,,,,,,,,,,,"0,00","0,00",,,,,,,,,,0
1,v1511-0622,,,,,,,,,,,,,,,,,,"0,00","0,00",,,,,,,,,,0
1,v1511-0623,,,,,,,,,,,,,,,,,,"0,00","0,00",,,,,,,,,,0
1,v1511-0624,,,,,,,,,,,,,,,,,,"0,00","0,00",,,,,,,,,,0
1,v1511-0625,,,,,,,,,,,,,,,,,,"0,00","0,00",,,,,,,,,,0
1,v1511-0626,,,,,,,,,,,,,,,,,,"0,00","0,00",,,,,,,,,,0
1,v1511-0627,,,,,,,,,,,,,,,,,,"0,00","0,00",,,,,,,,,,0
1,v1511-0628,,,,,,,,,,,,,,,,,,"0,00","0,00",,,,,,,,,,0
1,v1511-0629,,,,,,,,,,,,,,,,,,"0,00","0,00",,,,,,,,,,0
1,v1511-0630,,,,,,,,,,,,,,,,,,"0,00","0,00",,,,,,,,,,0
1,v1511-0631,,,,,,,,,,,,,,,,,,"0,00","0,00",,,,,,,,,,0
1,v1511-0632,,,,,,,,,,,,,,,,,,"0,00","0,00",,,,,,,,,,0
1,v1511-0633,,,,,,,,,,,,,,,,,,"0,00","0,00",,,,,,,,,,0
1,v1511-0634,,,,,,,,,,,,,,,,,,"0,00","0,00",,,,,,,,,,0
1,v1511-0635,,,,,,,,,,,,,,,,,,"0,00","0,00",,,,,,,,,,0
1,v1511-0636,,,,,,,,,,,,,,,,,,"0,00","0,00",,,,,,,,,,0
1,v1511-0637,,,,,,,,,,,,,,,,,,"0,00","0,00",,,,,,,,,,0
1,v1511-0638,,,,,,,,,,,,,,,,,,"0,00","0,00",,,,,,,,,,0
1,v1511-0639,,,,,,,,,,,,,,,,,,"0,00","0,00",,,,,,,,,,0
1,v1511-0640,,,,,,,,,,,,,,,,,,"0,00","0,00",,,,,,,,,,0
1,v1511-0641,,,,,,,,,,,,,,,,,,"0,00","0,00",,,,,,,,,,0
1,v1511-0642,,,,,,,,,,,,,,,,,,"0,00","0,00",,,,,,,,,,0
1,v1511-0643,,,,,,,,,,,,,,,,,,"0,00","0,00",,,,,,,,,,0
1,v1511-0644,,,,,,,,,,,,,,,,,,"0,00","0,00",,,,,,,,,,0
1,v1511-0645,,,,,,,,,,,,,,,,,,"0,00","0,00",,,,,,,,,,0
1,v1511-0646,,,,,,,,,,,,,,,,,,"0,00","0,00",,,,,,,,,,0
1,v1511-0647,,,,,,,,,,,,,,,,,,"0,00","0,00",,,,,,,,,,0
1,v1511-0648,,,,,,,,,,,,,,,,,,"0,00","0,00",,,,,,,,,,0
1,v1511-0649,,,,,,,,,,,,,,,,,,"0,00","0,00",,,,,,,,,,0
1,v1511-0650,,,,,,,,,,,,,,,,,,"0,00","0,00",,,,,,,,,,0
1,v1511-0651,,,,,,,,,,,,,,,,,,"0,00","0,00",,,,,,,,,,0
1,v1511-0652,,,,,,,,,,,,,,,,,,"0,00","0,00",,,,,,,,,,0
1,v1511-0653,,,,,,,,,,,,,,,,,,"0,00","0,00",,,,,,,,,,0
1,v1511-0654,,,,,,,,,,,,,,,,,,"0,00","0,00",,,,,,,,,,0
1,v1511-0655,,,,,,,,,,,,,,,,,,"0,00","0,00",,,,,,,,,,0
1,v1511-0656,,,,,,,,,,,,,,,,,,"0,00","0,00",,,,,,,,,,0
1,v1511-0657,,,,,,,,,,,,,,,,,,"0,00","0,00",,,,,,,,,,0
1,v1511-0658,,,,,,,,,,,,,,,,,,"0,00","0,00",,,,,,,,,,0
1,v1511-0659,,,,,,,,,,,,,,,,,,"0,00","0,00",,,,,,,,,,0
1,v1511-0660,,,,,,,,,,,,,,,,,,"0,00","0,00",,,,,,,,,,0
1,v1511-0661,,,,,,,,,,,,,,,,,,"0,00","0,00",,,,,,,,,,0
1,v1511-0662,,,,,,,,,,,,,,,,,,"0,00","0,00",,,,,,,,,,0
1,v1511-0663,,,,,,,,,,,,,,,,,,"0,00","0,00",,,,,,,,,,0
1,v1511-0664,,,,,,,,,,,,,,,,,,"0,00","0,00",,,,,,,,,,0
1,v1511-0665,,,,,,,,,,,,,,,,,,"0,00","0,00",,,,,,,,,,0
1,v1511-0666,,,,,,,,,,,,,,,,,,"0,00","0,00",,,,,,,,,,0
1,v1511-0667,,,,,,,,,,,,,,,,,,"0,00","0,00",,,,,,,,,,0
1,v1511-0668,,,,,,,,,,,,,,,,,,"0,00","0,00",,,,,,,,,,0
1,v1511-0669,,,,,,,,,,,,,,,,,,"0,00","0,00",,,,,,,,,,0
1,v1511-0670,,,,,,,,,,,,,,,,,,"0,00","0,00",,,,,,,,,,0
1,v1511-0671,,,,,,,,,,,,,,,,,,"0,00","0,00",,,,,,,,,,0
1,v1511-0672,,,,,,,,,,,,,,,,,,"0,00","0,00",,,,,,,,,,0
1,v1511-0673,,,,,,,,,,,,,,,,,,"0,00","0,00",,,,,,,,,,0
1,v1511-0674,,,,,,,,,,,,,,,,,,"0,00","0,00",,,,,,,,,,0
1,v1511-0675,,,,,,,,,,,,,,,,,,"0,00","0,00",,,,,,,,,,0
1,v1511-0676,,,,,,,,,,,,,,,,,,"0,00","0,00",,,,,,,,,,0
1,v1511-0677,,,,,,,,,,,,,,,,,,"0,00","0,00",,,,,,,,,,0
1,v1511-0678,,,,,,,,,,,,,,,,,,"0,00","0,00",,,,,,,,,,0
1,v1511-0679,,,,,,,,,,,,,,,,,,"0,00","0,00",,,,,,,,,,0
1,v1511-0680,,,,,,,,,,,,,,,,,,"0,00","0,00",,,,,,,,,,0
1,v1511-0681,,,,,,,,,,,,,,,,,,"0,00","0,00",,,,,,,,,,0
1,v1511-0682,,,,,,,,,,,,,,,,,,"0,00","0,00",,,,,,,,,,0
1,v1511-0683,,,,,,,,,,,,,,,,,,"0,00","0,00",,,,,,,,,,0
1,v1511-0684,,,,,,,,,,,,,,,,,,"0,00","0,00",,,,,,,,,,0
1,v1511-0685,,,,,,,,,,,,,,,,,,"0,00","0,00",,,,,,,,,,0
1,v1511-0686,,,,,,,,,,,,,,,,,,"0,00","0,00",,,,,,,,,,0
1,v1511-0687,,,,,,,,,,,,,,,,,,"0,00","0,00",,,,,,,,,,0
1,v1511-0688,,,,,,,,,,,,,,,,,,"0,00","0,00",,,,,,,,,,0
1,v1511-0689,,,,,,,,,,,,,,,,,,"0,00","0,00",,,,,,,,,,0
1,v1511-0690,,,,,,,,,,,,,,,,,,"0,00","0,00",,,,,,,,,,0
1,v1511-0691,,,,,,,,,,,,,,,,,,"0,00","0,00",,,,,,,,,,0
1,v1511-0692,,,,,,,,,,,,,,,,,,"0,00","0,00",,,,,,,,,,0
1,v1511-0693,,,,,,,,,,,,,,,,,,"0,00","0,00",,,,,,,,,,0
1,v1511-0694,,,,,,,,,,,,,,,,,,"0,00","0,00",,,,,,,,,,0
1,v1511-0695,,,,,,,,,,,,,,,,,,"0,00","0,00",,,,,,,,,,0
1,v1511-0696,,,,,,,,,,,,,,,,,,"0,00","0,00",,,,,,,,,,0
1,v1511-0697,,,,,,,,,,,,,,,,,,"0,00","0,00",,,,,,,,,,0
1,v1511-0698,,,,,,,,,,,,,,,,,,"0,00","0,00",,,,,,,,,,0
1,v1511-0699,,,,,,,,,,,,,,,,,,"0,00","0,00",,,,,,,,,,0
1,,,,,,,,,,,,,,,,,,,"0,00","0,00",,,,,,,,,,0
1,,,,,,,,,,,,,,,,,,,"0,00","0,00",,,,,,,,,,0
1,,,,,,,,,,,,,,,,,,,"0,00","0,00",,,,,,,,,,0
1,,,,,,,,,,,,,,,,,,,"0,00","0,00",,,,,,,,,,0
1,,,,,,,,,,,,,,,,,,,"0,00","0,00",,,,,,,,,,0
1,,,,,,,,,,,,,,,,,,,"0,00","0,00",,,,,,,,,,0
1,,,,,,,,,,,,,,,,,,,"0,00","0,00",,,,,,,,,,0
1,,,,,,,,,,,,,,,,,,,"0,00","0,00",,,,,,,,,,0
1,,,,,,,,,,,,,,,,,,,"0,00","0,00",,,,,,,,,,0
1,,,,,,,,,,,,,,,,,,,"0,00","0,00",,,,,,,,,,0
1,,,,,,,,,,,,,,,,,,,"0,00","0,00",,,,,,,,,,0
1,,,,,,,,,,,,,,,,,,,"0,00","0,00",,,,,,,,,,0
1,,,,,,,,,,,,,,,,,,,"0,00","0,00",,,,,,,,,,0
1,,,,,,,,,,,,,,,,,,,"0,00","0,00",,,,,,,,,,0
1,,,,,,,,,,,,,,,,,,,"0,00","0,00",,,,,,,,,,0
1,,,,,,,,,,,,,,,,,,,"0,00","0,00",,,,,,,,,,0
1,,,,,,,,,,,,,,,,,,,"0,00","0,00",,,,,,,,,,0
1,,,,,,,,,,,,,,,,,,,"0,00","0,00",,,,,,,,,,0
1,,,,,,,,,,,,,,,,,,,"0,00","0,00",,,,,,,,,,0
1,,,,,,,,,,,,,,,,,,,"0,00","0,00",,,,,,,,,,0
1,,,,,,,,,,,,,,,,,,,"0,00","0,00",,,,,,,,,,0
1,,,,,,,,,,,,,,,,,,,"0,00","0,00",,,,,,,,,,0
1,,,,,,,,,,,,,,,,,,,"0,00","0,00",,,,,,,,,,0
1,,,,,,,,,,,,,,,,,,,"0,00","0,00",,,,,,,,,,0
1,,,,,,,,,,,,,,,,,,,"0,00","0,00",,,,,,,,,,0
1,,,,,,,,,,,,,,,,,,,"0,00","0,00",,,,,,,,,,0
1,,,,,,,,,,,,,,,,,,,"0,00","0,00",,,,,,,,,,0
1,,,,,,,,,,,,,,,,,,,"0,00","0,00",,,,,,,,,,0
1,,,,,,,,,,,,,,,,,,,"0,00","0,00",,,,,,,,,,0
1,,,,,,,,,,,,,,,,,,,"0,00","0,00",,,,,,,,,,0
1,,,,,,,,,,,,,,,,,,,"0,00","0,00",,,,,,,,,,0
1,,,,,,,,,,,,,,,,,,,"0,00","0,00",,,,,,,,,,0
1,,,,,,,,,,,,,,,,,,,"0,00","0,00",,,,,,,,,,0
1,,,,,,,,,,,,,,,,,,,"0,00","0,00",,,,,,,,,,0
1,,,,,,,,,,,,,,,,,,,"0,00","0,00",,,,,,,,,,0
1,,,,,,,,,,,,,,,,,,,"0,00","0,00",,,,,,,,,,0
1,,,,,,,,,,,,,,,,,,,"0,00","0,00",,,,,,,,,,0
1,,,,,,,,,,,,,,,,,,,"0,00","0,00",,,,,,,,,,0
1,,,,,,,,,,,,,,,,,,,"0,00","0,00",,,,,,,,,,0
1,,,,,,,,,,,,,,,,,,,"0,00","0,00",,,,,,,,,,0
1,,,,,,,,,,,,,,,,,,,"0,00","0,00",,,,,,,,,,0
1,,,,,,,,,,,,,,,,,,,"0,00","0,00",,,,,,,,,,0
1,,,,,,,,,,,,,,,,,,,"0,00","0,00",,,,,,,,,,0
1,,,,,,,,,,,,,,,,,,,"0,00","0,00",,,,,,,,,,0
1,,,,,,,,,,,,,,,,,,,"0,00","0,00",,,,,,,,,,0
1,,,,,,,,,,,,,,,,,,,"0,00","0,00",,,,,,,,,,0
1,,,,,,,,,,,,,,,,,,,"0,00","0,00",,,,,,,,,,0
1,,,,,,,,,,,,,,,,,,,"0,00","0,00",,,,,,,,,,0
1,,,,,,,,,,,,,,,,,,,"0,00","0,00",,,,,,,,,,0
1,,,,,,,,,,,,,,,,,,,"0,00","0,00",,,,,,,,,,0
1,,,,,,,,,,,,,,,,,,,"0,00","0,00",,,,,,,,,,0
1,,,,,,,,,,,,,,,,,,,"0,00","0,00",,,,,,,,,,0
1,,,,,,,,,,,,,,,,,,,"0,00","0,00",,,,,,,,,,0
1,,,,,,,,,,,,,,,,,,,"0,00","0,00",,,,,,,,,,0
1,,,,,,,,,,,,,,,,,,,"0,00","0,00",,,,,,,,,,0
1,,,,,,,,,,,,,,,,,,,"0,00","0,00",,,,,,,,,,0
1,,,,,,,,,,,,,,,,,,,"0,00","0,00",,,,,,,,,,0
1,,,,,,,,,,,,,,,,,,,"0,00","0,00",,,,,,,,,,0
1,,,,,,,,,,,,,,,,,,,"0,00","0,00",,,,,,,,,,0
1,,,,,,,,,,,,,,,,,,,,,,,,,,,,,,0
1,,,,,,,,,,,,,,,,,,,,,,,,,,,,,,0
1,,,,,,,,,,,,,,,,,,,,,,,,,,,,,,0
1,,,,,,,,,,,,,,,,,,,,,,,,,,,,,,0
1,,,,,,,,,,,,,,,,,,,,,,,,,,,,,,0
1,,,,,,,,,,,,,,,,,,,,,,,,,,,,,,0
1,,,,,,,,,,,,,,,,,,,,,,,,,,,,,,0
1,,,,,,,,,,,,,,,,,,,,,,,,,,,,,,0
1,,,,,,,,,,,,,,,,,,,,,,,,,,,,,,0
1,,,,,,,,,,,,,,,,,,,,,,,,,,,,,,0
1,,,,,,,,,,,,,,,,,,,,,,,,,,,,,,0
1,,,,,,,,,,,,,,,,,,,,,,,,,,,,,,0
1,,,,,,,,,,,,,,,,,,,,,,,,,,,,,,0
1,,,,,,,,,,,,,,,,,,,,,,,,,,,,,,0
1,,,,,,,,,,,,,,,,,,,,,,,,,,,,,,0
1,,,,,,,,,,,,,,,,,,,,,,,,,,,,,,0
1,,,,,,,,,,,,,,,,,,,,,,,,,,,,,,0
1,,,,,,,,,,,,,,,,,,,,,,,,,,,,,,0
1,,,,,,,,,,,,,,,,,,,,,,,,,,,,,,0
1,,,,,,,,,,,,,,,,,,,,,,,,,,,,,,0
1,,,,,,,,,,,,,,,,,,,,,,,,,,,,,,0
1,,,,,,,,,,,,,,,,,,,,,,,,,,,,,,0
1,,,,,,,,,,,,,,,,,,,,,,,,,,,,,,0
1,,,,,,,,,,,,,,,,,,,,,,,,,,,,,,0
1,,,,,,,,,,,,,,,,,,,,,,,,,,,,,,0
1,,,,,,,,,,,,,,,,,,,,,,,,,,,,,,0
1,,,,,,,,,,,,,,,,,,,,,,,,,,,,,,0
1,,,,,,,,,,,,,,,,,,,,,,,,,,,,,,0
1,,,,,,,,,,,,,,,,,,,,,,,,,,,,,,0
1,,,,,,,,,,,,,,,,,,,,,,,,,,,,,,0
1,,,,,,,,,,,,,,,,,,,,,,,,,,,,,,0
1,,,,,,,,,,,,,,,,,,,,,,,,,,,,,,0
1,,,,,,,,,,,,,,,,,,,,,,,,,,,,,,0
1,,,,,,,,,,,,,,,,,,,,,,,,,,,,,,0
1,,,,,,,,,,,,,,,,,,,,,,,,,,,,,,0
1,,,,,,,,,,,,,,,,,,,,,,,,,,,,,,0
1,,,,,,,,,,,,,,,,,,,,,,,,,,,,,,0
1,,,,,,,,,,,,,,,,,,,,,,,,,,,,,,0
1,,,,,,,,,,,,,,,,,,,,,,,,,,,,,,0
1,,,,,,,,,,,,,,,,,,,,,,,,,,,,,,0
1,,,,,,,,,,,,,,,,,,,,,,,,,,,,,,0
1,,,,,,,,,,,,,,,,,,,,,,,,,,,,,,0
1,,,,,,,,,,,,,,,,,,,,,,,,,,,,,,0
1,,,,,,,,,,,,,,,,,,,,,,,,,,,,,,0
1,,,,,,,,,,,,,,,,,,,,,,,,,,,,,,0
1,,,,,,,,,,,,,,,,,,,,,,,,,,,,,,0
1,,,,,,,,,,,,,,,,,,,,,,,,,,,,,,0
1,,,,,,,,,,,,,,,,,,,,,,,,,,,,,,0
1,,,,,,,,,,,,,,,,,,,,,,,,,,,,,,0
1,,,,,,,,,,,,,,,,,,,,,,,,,,,,,,0
1,,,,,,,,,,,,,,,,,,,,,,,,,,,,,,0
1,,,,,,,,,,,,,,,,,,,,,,,,,,,,,,0
1,,,,,,,,,,,,,,,,,,,,,,,,,,,,,,0
1,,,,,,,,,,,,,,,,,,,,,,,,,,,,,,0
1,,,,,,,,,,,,,,,,,,,,,,,,,,,,,,0
1,,,,,,,,,,,,,,,,,,,,,,,,,,,,,,0
1,,,,,,,,,,,,,,,,,,,,,,,,,,,,,,0
1,,,,,,,,,,,,,,,,,,,,,,,,,,,,,,0
1,,,,,,,,,,,,,,,,,,,,,,,,,,,,,,0
1,,,,,,,,,,,,,,,,,,,,,,,,,,,,,,0
1,,,,,,,,,,,,,,,,,,,,,,,,,,,,,,0
1,,,,,,,,,,,,,,,,,,,,,,,,,,,,,,0
1,,,,,,,,,,,,,,,,,,,,,,,,,,,,,,0
1,,,,,,,,,,,,,,,,,,,,,,,,,,,,,,0
1,,,,,,,,,,,,,,,,,,,,,,,,,,,,,,0
1,,,,,,,,,,,,,,,,,,,,,,,,,,,,,,0
1,,,,,,,,,,,,,,,,,,,,,,,,,,,,,,0
1,,,,,,,,,,,,,,,,,,,,,,,,,,,,,,0
1,,,,,,,,,,,,,,,,,,,,,,,,,,,,,,0
1,,,,,,,,,,,,,,,,,,,,,,,,,,,,,,0
1,,,,,,,,,,,,,,,,,,,,,,,,,,,,,,0
1,,,,,,,,,,,,,,,,,,,,,,,,,,,,,,0
1,,,,,,,,,,,,,,,,,,,,,,,,,,,,,,0
1,,,,,,,,,,,,,,,,,,,,,,,,,,,,,,0
1,,,,,,,,,,,,,,,,,,,,,,,,,,,,,,0
1,,,,,,,,,,,,,,,,,,,,,,,,,,,,,,0
1,,,,,,,,,,,,,,,,,,,,,,,,,,,,,,0
1,,,,,,,,,,,,,,,,,,,,,,,,,,,,,,0
1,,,,,,,,,,,,,,,,,,,,,,,,,,,,,,0
1,,,,,,,,,,,,,,,,,,,,,,,,,,,,,,0
1,,,,,,,,,,,,,,,,,,,,,,,,,,,,,,0
1,,,,,,,,,,,,,,,,,,,,,,,,,,,,,,0
1,,,,,,,,,,,,,,,,,,,,,,,,,,,,,,0
1,,,,,,,,,,,,,,,,,,,,,,,,,,,,,,0
1,,,,,,,,,,,,,,,,,,,,,,,,,,,,,,0
1,,,,,,,,,,,,,,,,,,,,,,,,,,,,,,0
1,,,,,,,,,,,,,,,,,,,,,,,,,,,,,,0
1,,,,,,,,,,,,,,,,,,,,,,,,,,,,,,0
1,,,,,,,,,,,,,,,,,,,,,,,,,,,,,,0
1,,,,,,,,,,,,,,,,,,,,,,,,,,,,,,0
1,,,,,,,,,,,,,,,,,,,,,,,,,,,,,,0
1,,,,,,,,,,,,,,,,,,,,,,,,,,,,,,0
1,,,,,,,,,,,,,,,,,,,,,,,,,,,,,,0
1,,,,,,,,,,,,,,,,,,,,,,,,,,,,,,0
1,,,,,,,,,,,,,,,,,,,,,,,,,,,,,,0
1,,,,,,,,,,,,,,,,,,,,,,,,,,,,,,0
1,,,,,,,,,,,,,,,,,,,,,,,,,,,,,,0
1,,,,,,,,,,,,,,,,,,,,,,,,,,,,,,0
1,,,,,,,,,,,,,,,,,,,,,,,,,,,,,,0
1,,,,,,,,,,,,,,,,,,,,,,,,,,,,,,0
1,,,,,,,,,,,,,,,,,,,,,,,,,,,,,,0
1,,,,,,,,,,,,,,,,,,,,,,,,,,,,,,0
1,,,,,,,,,,,,,,,,,,,,,,,,,,,,,,0
1,,,,,,,,,,,,,,,,,,,,,,,,,,,,,,0
1,,,,,,,,,,,,,,,,,,,,,,,,,,,,,,0
1,,,,,,,,,,,,,,,,,,,,,,,,,,,,,,0
1,,,,,,,,,,,,,,,,,,,,,,,,,,,,,,0
1,,,,,,,,,,,,,,,,,,,,,,,,,,,,,,0
1,,,,,,,,,,,,,,,,,,,,,,,,,,,,,,0
1,,,,,,,,,,,,,,,,,,,,,,,,,,,,,,0
1,,,,,,,,,,,,,,,,,,,,,,,,,,,,,,0
1,,,,,,,,,,,,,,,,,,,,,,,,,,,,,,0
1,,,,,,,,,,,,,,,,,,,,,,,,,,,,,,0
1,,,,,,,,,,,,,,,,,,,,,,,,,,,,,,0
1,,,,,,,,,,,,,,,,,,,,,,,,,,,,,,0
1,,,,,,,,,,,,,,,,,,,,,,,,,,,,,,0
1,,,,,,,,,,,,,,,,,,,,,,,,,,,,,,0
1,,,,,,,,,,,,,,,,,,,,,,,,,,,,,,0
1,,,,,,,,,,,,,,,,,,,,,,,,,,,,,,0
1,,,,,,,,,,,,,,,,,,,,,,,,,,,,,,0
1,,,,,,,,,,,,,,,,,,,,,,,,,,,,,,0
1,,,,,,,,,,,,,,,,,,,,,,,,,,,,,,0
1,,,,,,,,,,,,,,,,,,,,,,,,,,,,,,0
1,,,,,,,,,,,,,,,,,,,,,,,,,,,,,,0
1,,,,,,,,,,,,,,,,,,,,,,,,,,,,,,0
1,,,,,,,,,,,,,,,,,,,,,,,,,,,,,,0
1,,,,,,,,,,,,,,,,,,,,,,,,,,,,,,0
1,,,,,,,,,,,,,,,,,,,,,,,,,,,,,,0
1,,,,,,,,,,,,,,,,,,,,,,,,,,,,,,0
1,,,,,,,,,,,,,,,,,,,,,,,,,,,,,,0
1,,,,,,,,,,,,,,,,,,,,,,,,,,,,,,0
1,,,,,,,,,,,,,,,,,,,,,,,,,,,,,,0
1,,,,,,,,,,,,,,,,,,,,,,,,,,,,,,0
1,,,,,,,,,,,,,,,,,,,,,,,,,,,,,,0
1,,,,,,,,,,,,,,,,,,,,,,,,,,,,,,0
1,,,,,,,,,,,,,,,,,,,,,,,,,,,,,,0
1,,,,,,,,,,,,,,,,,,,,,,,,,,,,,,0
1,,,,,,,,,,,,,,,,,,,,,,,,,,,,,,0
1,,,,,,,,,,,,,,,,,,,,,,,,,,,,,,0
1,,,,,,,,,,,,,,,,,,,,,,,,,,,,,,0
1,,,,,,,,,,,,,,,,,,,,,,,,,,,,,,0
1,,,,,,,,,,,,,,,,,,,,,,,,,,,,,,0
1,,,,,,,,,,,,,,,,,,,,,,,,,,,,,,0
