Work date,??NO,Project Name,Type,Page number,Std. DUR,Real DUR,Work content,Page name,"Team/
Designer",Status,Start work,End work,Break,Note,,,,,,,,,,,,
05/11/2015,100101014705-01W,???????????,Plan,15,46,48.5,"set kijikaku, overnotes, fmail",-,,,,,,Nhóm M?nh,,,,,,,,,,,,
06/11/2015,100101014705-01W,???????????,New,,6,6,index,,HuyTV,done,08:30,15:30,1:00,,,,,,,,,,,,,
05/11/2015,100101014705-01W,???????????,New,-,1,1,code layout sub page,,ManhT,done,11:00,12:00,,,,,,,,,,,,,,
05/11/2015,100101014705-01W,???????????,New,-,2,2,code common parts ,,TramNTH,done,15:30,17:30,,,,,,,,,,,,,,
09/11/2015,100101014705-01W,???????????,Option,-,3,3,set kijikaku,,VuLDN,done,14:30,17:30,,,,,,,,,,,,,,
06/11/2015,100101014705-01W,???????????,Option,-,3,3,overnotes,,VuLDN,done,11:30,15:30,01:00,,,,,,,,,,,,,
06/11/2015,100101014705-01W,???????????,Option,-,2,2,set js (main image),,HuyTV,done,15:30,17:30,,,,,,,,,,,,,,
10/11/2015,100101014705-01W,???????????,New,,1,1,Join page,,HuyTV,done,09:00,10:00,,,,,,,,,,,,,,
10/11/2015,100101014705-01W,???????????,New,,2,2,Check,,HuyTV,done,10:00,13:00,01:00,,,,,,,,,,,,,
10/11/2015,100101014705-01W,???????????,New,,2,2,Fix,,HuyTV,done,14:00,17:00,01:00,,,,,,,,,,,,,
06/11/2015,100101014705-01W,???????????,New,,7.5,8,"sub page 5, 7, 8, 12, 14",,TramNTH,done,08:30,17:30,01:00,,,,,,,,,,,,,
05/11/2015,100101014705-01W,???????????,New,,3,5,"sub page 2, 3",,VuLDN,done,11:30,17:30,01:00,"11 page words, JS",,,,,,,,,,,,
05/11/2015,100101014705-01W,???????????,New,,3,3,"sub 4,6","photo.html,jyuunihitoe.html",DiepBNH,done,14:30,17:30,,,,,,,,,,,,,,
06/11/2015,100101014705-01W,???????????,New,,3,3,"sub 11,13","about.html,/recruit.html",DiepBNH,done,09:00,12:00,,,,,,,,,,,,,,
06/11/2015,100101014705-01W,???????????,New,,3,3,"sub 9,10",,VuLDN,done,08:30,11:30,,,,,,,,,,,,,,
09/11/2015,100101014705-01W,???????????,New,,2,2,fmail,,HuyTV,done,13:00,15:00,,,,,,,,,,,,,,
10/11/2015,100101014705-01W,???????????,New,,2.5,2.5,fmail,,ManhT,done,13:00,15:30,,,,,,,,,,,,,,
,,,,,,0,,,,,,,,,,,,,,,,,,,,
11/6/2015,100100294010-01W,?????????????????,Plan,15,41,57,overnotes,-,,,,,,Nhóm ??t,,,,,,,,,,,,
11/9/2015,100100294010-01W,? ???????????????,New,1,6,7,index,,TrucPTT,done,08:30,16:30,1:00,set tiny (1h),,,,,,,,,,,,
11/6/2015,100100294010-01W,? ???????????????,   ,-,2,1,code common parts,design banner,ThuyTTN,done,16:30,17:30,,,,,,,,,,,,,,
11/6/2015,100100294010-01W,? ???????????????,New,-,2,2,code layout sub page,under.html,TrucPTT,done,15:00,17:00,,,,,,,,,,,,,,
10/11/2015,100100294010-01W,? ???????????????,Option,-,3,3,overnotes,blog,TrucPTT,done,14:30,17:30,,set overnotes,,,,,,,,,,,,
11/11/2015,100100294010-01W,? ???????????????,New,,-,1,Join page,,TrucPTT,done,08:30,09:30,,,,,,,,,,,,,,
11/11/2015,100100294010-01W,? ???????????????,New,,-,2,Check,,TrucPTT,done,09:30,11:30,,,,,,,,,,,,,,
11/11/2015,100100294010-01W,? ???????????????,New,,-,1,Check,,ThuyTTN,done,10:35,11:35,,,,,,,,,,,,,,
11/11/2015,100100294010-01W,? ???????????????,New,,-,1,Fix,fix all pages,TrucPTT,done,11:30,13:30,01:00,,,,,,,,,,,,,
11/11/2015,100100294010-01W,? ???????????????,New,,-,1,Fix,fix all pages,TrucPTT,done,17:30,18:30,01:00,,,,,,,,,,,,,
11/9/2015,100100294010-01W,? ???????????????,New,3,6,8,"sub page 3, 4, 5","clinic/staff.html, clinic/access.html, clinic/first.html",ThuyTTN,done,08:40,17:40,1:00,"16 page words, 10 design images, design step",,,,,,,,,,,,
11/9/2015,100100294010-01W,? ???????????????,New,4,8,8,"sub page 12, 13, 14, 15","treatment/ortho.html, treatment/dental.html, treatment/denture.html, treatment/price.html",LamNTP,done,08:30,17:30,1:00,14 page words,,,,,,,,,,,,
10/11/2015,100100294010-01W,? ???????????????,New,4,8,8,"sub page 6, 7, 8, 11","treatment/prevent.html
, treatment/perio.html
, treatment/noextracted.html, treatment/white.html",ThuyTTN,done,08:35,17:35,01:00,"17 page words. design banner white.html, design 6 image",,,,,,,,,,,,
10/11/2015,100100294010-01W,? ???????????????,New,1,2,5,"sub page 2, blog, sub page of blog",clinic/concept.html,TrucPTT,done,08:30,14:30,01:00,"3 page words and coding blog, sub page of blog",,,,,,,,,,,,
10/11/2015,100100294010-01W,? ???????????????,New,2,4,8,"sub page 9, 10","treatment/root.html, treatment/esthe.html",LamNTP,done,08:30,17:30,01:00,13 page words,,,,,,,,,,,,
11/9/2015,100100294010-01W,? ???????????????,New,-,-,1,sub page 7,design images,TrucPTT,done,16:30,17:30,,,,,,,,,,,,,,
,,,,,,,,,,,,,,,,,,,,,,,,,,
,,,,,,,,,,,,,,,,,,,,,,,,,,
,,,Plan,15,65,66,"set kijikaku, overnotes, fmail, responsive",-,,,,,,Nhóm M?nh,,,,,,,,,,,,
12/11/2015,000100127402-01W,?????wings,New,,6,6,index,,ManhT,done,08:30,15:30,01:00,,,,,,,,,,,,,
13/11/2015,000100127402-01W,?????wings,New,,4,2,design mobile index,,ManhT,done,08:30,10:30,,,,,,,,,,,,,,
11/11/2015,000100127402-01W,?????wings,New,,2,0,code layout sub page,,ManhT,done,,,,,,,,,,,,,,,,
11/11/2015,000100127402-01W,?????wings,New,,2,2,design layout sub page,design  banner all pages,TramNTH,done,11:30,14:30,01:00,,,,,,,,,,,,,
11/11/2015,000100127402-01W,?????wings,New,,2,2,code common parts ,,ManhT,done,08:30,10:30,,,,,,,,,,,,,,
12/11/2015,000100127402-01W,?????wings,Option,-,3,3,overnotes,,VuLDN,done,14:00,17:00,,,,,,,,,,,,,,
16/11/2015,000100127402-01W,?????wings,,,22,8,responsive,,ManhT,done,08:30,17:30,01:00,,,,,,,,,,,,,
17/11/2015,000100127402-01W,?????wings,,,22,8,responsive,,ManhT,done,08:30,17:30,01:00,,,,,,,,,,,,,
17/11/2015,000100127402-01W,?????wings,New,,1.5,1,Join page,,ManhT,done,08:30,10:30,01:00,,,,,,,,,,,,,
13/11/2015,000100127402-01W,?????wings,New,,2,2,Check,,ManhT,done,08:30,11:30,01:00,,,,,,,,,,,,,
17/11/2015,000100127402-01W,?????wings,New,,2,0.5,Fix,,ManhT,done,14:00,14:30,,,,,,,,,,,,,,
11/11/2015,000100127402-01W,?????wings,New,,2,3,sub page 13,senior_voice.html,TramNTH,done,14:30,17:30,,"5P, anchor link, 3 frame",,,,,,,,,,,,
11/11/2015,000100127402-01W,?????wings,New,,1.5,2,sub page 6,design Q&A,VuLDN,done,15:30,17:30,,,,,,,,,,,,,,
12/11/2015,000100127402-01W,?????wings,New,,6,8,"sub page 12, 14, 15","message.html, recruit/index.html, recruit/career.html",TramNTH,done,08:30,17:30,01:00,"13P, anchor link, list, 1 layout text, step,...",,,,,,,,,,,,
12/11/2015,000100127402-01W,?????wings,New,,"4,5",4.5,"sub page 8, 9, 10","about/list.html, about/detail.html, about/index.html",VuLDN,done,08:30,14:00,01:00,,,,,,,,,,,,,
09/11/2015,000100127402-01W,?????wings,New,,3,3,"sub page 7, 11","about/contact.html, about/company.html",VuLDN,done,08:30,11:30,,,,,,,,,,,,,,
11/11/2015,000100127402-01W,?????wings,New,,3,6,"sub page 2,3","service/index.html,service/web_performer.html",DiepBNH,done,10:30,17:30,01:00,,,,,,,,,,,,,
12/11/2015,000100127402-01W,?????wings,New,,3,5,"sub page 4,5","service/super_stream.html,service/scratch.html",DiepBNH,done,08:30,14:30,01:00,,,,,,,,,,,,,
,,,,,,0,,,,,,,,,,,,,,,,,,,,
,,,Plan,20,54,52.5,"set kijikaku, tiny, fmail",-,,,,,,Nhóm M?nh,,,,,,,,,,,,
11/11/2015,100100567803-01W,??????????,New,,6,6,index,,HuyTV,done,08:30,15:30,01:00,,,,,,,,,,,,,
12/11/2015,100100567803-01W,??????????,New,,2,2,code layout sub page,,HuyTV,done,08:30,10:30,,,,,,,,,,,,,,
11/11/2015,100100567803-01W,??????????,New,,2,3,code common parts ,design  banner all pages,TramNTH,done,08:30,11:30,,,,,,,,,,,,,,
12/11/2015,100100567803-01W,??????????,New,,1,1,tiny,,HuyTV,done,10:30,11:30,,,,,,,,,,,,,,
12/11/2015,100100567803-01W,??????????,New,,3,3,kijikaku,,HuyTV,done,11:30,15:30,01:00,,,,,,,,,,,,,
11/11/2015,100100567803-01W,??????????,New,,2,2,set js (main image),,HuyTV,done,15:30,17:30,,,,,,,,,,,,,,
12/11/2015,100100567803-01W,??????????,New,,1,1,Join page,,HuyTV,done,15:30,16:30,,,,,,,,,,,,,,
12/11/2015,100100567803-01W,??????????,New,,2,2,Check,,HuyTV,done,15:30,17:30,,,,,,,,,,,,,,
13/11/2015,100100567803-01W,??????????,New,,3,3,Fix,,HuyTV,done,10:00,14:00,01:00,,,,,,,,,,,,,
10/11/2015,100100567803-01W,??????????,New,,9,8,"sub page 13, 14, 15, 17, 18, 19","info/faq.html, info/feature.html, info/message.html, company/outline.html, info/privacy.html, info/flow.html",TramNTH,done,08:30,17:30,01:00,,,,,,,,,,,,,
10/11/2015,100100567803-01W,??????????,New,,4.5,5,"sub page 3, 6","whats/system.html, new.html",VuLDN,done,11:30,17:30,01:00,"make illus, 9 pages word",,,,,,,,,,,,
10/11/2015,100100567803-01W,??????????,New,,7.5,7,"sub page  2, 4, 5, 11, 12","whats/index.html,whats/clean.html,whats/chara.html,
example/example1.html,example/example2.html",DiepBNH,done,10:30,17:30,,,,,,,,,,,,,,
11/11/2015,100100567803-01W,??????????,New,,1.5,2,sub page  10,example/index.html,DiepBNH,done,08:30,10:30,,,,,,,,,,,,,,
11/11/2015,100100567803-01W,??????????,New,,6,6,"sub page 7,8,9,16","products.html, pdf.html, machines.html, company/index.html",VuLDN,done,08:30,15:30,01:00,,,,,,,,,,,,,
13/11/2015,100100567803-01W,??????????,New,,1.5,1.5,fmail,,HuyTV,done,08:30,10:00,,,,,,,,,,,,,,
,,,,,,,,,,,,,,,,,,,,,,,,,,
11/10/2015,100101032801-01W,?????,Plan,20,51,55,overnotes,-,,,,,,Nhóm ??t,,,,,,,,,,,,
11/11/2015,100101032801-01W,?? ??,New,1,6,5,index,,ThuyTTN,done,11:35,17:35,1:00,,,,,,,,,,,,,
11/12/2015,100101032801-01W,?? ??,New,-,-,1.5,index,,ThuyTTN,done,08:45,10:15,,"design icon, edit image footer and header",,,,,,,,,,,,
11/11/2015,100101032801-01W,?? ??,   ,-,2,0.5,code common parts,design banner,ThuyTTN,done,10:05,10:35,,design banner,,,,,,,,,,,,
11/11/2015,100101032801-01W,?? ??,New,-,2,1.5,code layout sub page,under.html,ThuyTTN,done,08:35,10:05,,cut under,,,,,,,,,,,,
11/16/2015,100101032801-01W,?? ??,Option,-,3,3,overnotes,blog,TrucPTT,done,08:30,11:30,,set overnotes,,,,,,,,,,,,
11/16/2015,100101032801-01W,?? ??,New,,-,1.5,Join page,,ThuyTTN,done,08:35,10:05,,,,,,,,,,,,,,
11/16/2015,100101032801-01W,?? ??,New,,-,1,Check,"check all pages(2,3,4,5,6,7,8,9,10,11,12,13,14,15,16,17,18)",ThuyTTN,done,10:05,11:05,,,,,,,,,,,,,,
11/16/2015,100101032801-01W,?? ??,New,,-,4,Fix,"fix all pages(2,3,4,5,6,7,8,9,10,11,12,13,14,15,16,17,18)",ThuyTTN,done,11:05,16:05,01:00,,,,,,,,,,,,,
11/11/2015,100101032801-01W,?? ??,New,4,8,8,"sub page 15, 16, 17, 18","treatment/implant2.html, treatment/ortho.html, treatment/esthe.html, treatment/surgery.html",LamNTP,done,08:30,17:30,01:00,16 page word,,,,,,,,,,,,
11/12/2015,100101032801-01W,?? ??,New,4,8,6.5,"sub page 2, 3, 4, 5","clinic/concept.html, clinic/clinic.html, clinic/staff.html, clinic/recruit.html",ThuyTTN,done,10:15,17:45,01:00,"12 page words, design 6 icon clinic/flow.html",,,,,,,,,,,,
11/12/2015,100101032801-01W,?? ??,New,3,6,8,"sub page 12, 13, 14","treatment/caries.html, treatment/perio.html, treatment/kids.html",LamNTP,done,08:30,17:30,01:00,"16page words, design pickup, js yeas &no",,,,,,,,,,,,
11/13/2015,100101032801-01W,?? ??,New,2,4,3,"sub page 6, 7","clinic/flow.html
, treatment/perio_body.html",ThuyTTN,done,14:40,17:40,,"7 page words, design chart treatment/perio.html",,,,,,,,,,,,
11/13/2015,100101032801-01W,?? ??,New,2,4,4,"sub page 10, 11","treatment/implant1.html, treatment/prevent.html",LamNTP,done,08:30,13:30,01:00,"7 page words, design pickup",,,,,,,,,,,,
11/12/2015,100101032801-01W,?? ??,New,2,4,4.5,"sub page 8, 9","treatment/child.html
, treatment/maintenance.html",TrucPTT,done,13:00,17:30,,"6 page words, design point and image of child.html",,,,,,,,,,,,
11/13/2015,100101032801-01W,?? ??,New,2,4,3,"sub page 19, 20",blog and sub page blog,TrucPTT,done,14:30,17:30,,coding layout overnote,,,,,,,,,,,,
11/11/2015,100101032801-01W,?? ??,New,-,2,2,"sub page 19, 20",overnotes,DatNVT,done,08:30,10:30,,support overnote,,,,,,,,,,,,
,,,,,,,,,,,,,,,,,,,,,,,,,,
11/10/2015,100101017612-01W,????NIKON,Plan,1,5,3.5,,-,,,,,,Nhóm ??t,,,,,,,,,,,,
11/11/2015,100101017612-01W,????NIKON,New,1,5,1,index,,ThanhNT,done,08:30,09:30,,Email Magazine,,,,,,,,,,,,
11/11/2015,100101017612-01W,????NIKON,New,1,,1.5,index,,ThanhNT,done,16:00,17:30,,Email Magazine,,,,,,,,,,,,
13/11/2015,100101017612-01W,????NIKON,New,1,5,1,index,,ThanhNT,done,16:15,17:15,,Email Magazine,,,,,,,,,,,,
,,,,,,,,,,,,,,,,,,,,,,,,,,
,,,Plan,20,54,42,"set kijikaku, tiny",-,,,,,,Nhóm M?nh,,,,,,,,,,,,
16/11/2015,000100155609-01W,,New,,8,8,index + js,,HuyTV,done,08:30,17:30,01:00,,,,,,,,,,,,,
13/11/2015,000100155609-01W,,New,,1,1,code layout sub page,,VuLDN,done,08:30,09:30,,,,,,,,,,,,,,
13/11/2015,000100155609-01W,,New,,2,2,code common parts ,,VuLDN,done,10:30,13:30,01:00,,,,,,,,,,,,,
17/11/2015,000100155609-01W,,New,,1,1,tiny,,HuyTV,done,09:30,10:30,,,,,,,,,,,,,,
,000100155609-01W,,New,,3,,kijikaku,,,,,,,,,,,,,,,,,,,
17/11/2015,000100155609-01W,,New,,1,1,Join page,,HuyTV,done,08:30,09:30,,,,,,,,,,,,,,
17/11/2015,000100155609-01W,,New,,,1,Check,,HuyTV,done,09:30,10:30,,,,,,,,,,,,,,
17/11/2015,000100155609-01W,,New,,,1.5,Fix,,HuyTV,done,10:30,12:00,,,,,,,,,,,,,,
13/11/2015,000100155609-01W,,New,,8,8,"sub page 6, 7, 8, 10","visit.html, thirty-fourty.html, caries.html, perio.html",TramNTH,done,08:30,17:30,01:00,,,,,,,,,,,,,
13/11/2015,000100155609-01W,,New,,6,7.5,"sub page 11,12,13,14","treatment/orthodontics.html, treatment/implant.html, treatment/denture.html,treatment/esthe.html",DiepBNH,done,09:00,17:30,01:00,,,,,,,,,,,,,
16/11/2015,000100155609-01W,,New,,1.5,3.5,sub page 15,treatment/prevent.html,DiepBNH,done,08:30,12:00,,,,,,,,,,,,,,
16/11/2015,000100155609-01W,,New,,2,1,Sub 9,treatment/kids.html,TramNTH,done,08:30,09:30,,,,,,,,,,,,,,
13/11/2015,000100155609-01W,,New,,1.5,1.5,sub page 5,clinic/handicap.html,VuLDN,done,08:30,10:00,,,,,,,,,,,,,,
16/11/2015,000100155609-01W,,New,,4.5,5,"sub page 2,3,4","clinic/access.html, clinic/concept.html, clinic/recruite.html",VuLDN,done,08:30,14:30,01:00,,,,,,,,,,,,,
,,,,,,,,,,,,,,,,,,,,,,,,,,
16/11/2015,100101050201-01W,?????????????,Plan,17,67,69.5,overnotes & reponsive,,,,,,,Nhóm ??t,,,,,,,,,,,,
16/11/2015,100101050201-01W,?????????????,New,1,6,3,index,,TrucPTT,done,14:30,17:30,,,,,,,,,,,,,,
17/11/2015,100101050201-01W,?????????????,New,-,-,8,index,,TrucPTT,done,08:30,17:30,01:00,coding layout & reponsive,,,,,,,,,,,,
18/11/2015,100101050201-01W,?????????????,New,-,-,1,index,,TrucPTT,done,08:30,09:30,,coding reponsive,,,,,,,,,,,,
16/11/2015,100101050201-01W,?????????????,   ,-,2,1.5,code common parts,Design banner ,LamNTP,done,13:00,14:30,,,,,,,,,,,,,,
16/11/2015,100101050201-01W,?????????????,New,-,2,2,code layout sub page,,TrucPTT,done,11:30,14:30,01:00,,,,,,,,,,,,,
20/11/2015,100101050201-01W,?????????????,Option,-,3,2.5,overnotes,info,TrucPTT,done,16:00,18:30,,set overnote,,,,,,,,,,,,
18/11/2015,100101050201-01W,?????????????,New,,-,2.5,Join page,,TrucPTT,done,09:30,12:00,,,,,,,,,,,,,,
20/11/2015,100101050201-01W,?????????????,New,,-,1.5,Fix,all pages,TrucPTT,done,14:30,16:00,,,,,,,,,,,,,,
20/11/2015,100101050201-01W,?????????????,New,,-,1.5,Check,all pages,TrucPTT,done,13:00,14:30,,,,,,,,,,,,,,
16/11/2015,100101050201-01W,?????????????,New,2,4,3,"sub page 11,12","perio.html,esthe.html ",LamNTP,done,14:30,17:30,,"9 page word, design frame ballon",,,,,,,,,,,,
16/11/2015,100101050201-01W,?????????????,New,1,2,1.5,sub page 2,clinic.html,ThuyTTN,done,16:05,17:35,,,,,,,,,,,,,,
17/11/2015,100101050201-01W,?????????????,New,4,8,8,"sub page 3, 4, 5, 6","concept.html, flow.html, staff.html, reason.html",ThuyTTN,done,08:35,17:35,01:00,"17 page word,  design step, design frame (concept.html)",,,,,,,,,,,,
17/11/2015,100101050201-01W,?????????????,New,4,8,8,"sub page 13,14,15,16","child.html, prevent.html, visit.html, guard.html",LamNTP,done,08:30,17:30,01:00,"16 page word, step image,  2 banner (prevent.html, visit.html)",,,,,,,,,,,,
18/11/2015,100101050201-01W,?????????????,New,2,4,5.5,"sub page 7, 10","demerit.html, general.html, fix all page (2,3,4,5,6,7,10), 
check all page (2,3,4,5,6,7,10,11,12,13,14,15,16,17)",ThuyTTN,done,08:35,15:05,01:00,"8 page word,  design 2 image reason.html (1.5h) , design frame (0.25h) , design banner demerit.html (0.25h), check (1.5h), fix (0.5h)",,,,,,,,,,,,
18/11/2015,100101050201-01W,?????????????,New,1,2,4,"sub page 17, check and fix ","breath.html, check and fix ",LamNTP,done,08:30,13:30,01:00,"3 page word, check and fix (3h)",,,,,,,,,,,,
18/11/2015,100101050201-01W,?????????????,New,-,5,4.5,"sub page 2,3,4,5,6","sub page 2,3,4,5,6",TrucPTT,done,13:00,17:30,,"coding layout reponsive sub page 2,3,4,5,6",,,,,,,,,,,,
19/11/2015,100101050201-01W,?????????????,New,-,9,8,"sub page 6,7,10,11,12,13,14,15,16","sub page 6,7,8,9,10,11,12,13,14",TrucPTT,done,08:30,17:30,01:00,"coding layout reponsive sub page 6,7,8,9,10,11,12,13,14",,,,,,,,,,,,
20/11/2015,100101050201-01W,?????????????,New,-,6,3.5,"sub page 8,9","sub page 8, 9",TrucPTT,done,08:30,12:00,,"coding layout &reponsive  sub page 8, 9",,,,,,,,,,,,
,,,,,,0,,,,,,,,,,,,,,,,,,,,
,,,,,,,,,,,,,,,,,,,,,,,,,,
12/11/2015,100100676213-01W,???? ??????????,Plan,All page,3,2,tiny,,,,,,,nhóm Ti?n,,,,,,,,,,,,
12/11/2015,100100676213-01W,???? ??????????,Fix,,,2,index,,TienND,done,09:00,11:00,,,,,,,,,,,,,,
,,,,,,0,,,,,,,,,,,,,,,,,,,,
09/11/2015,100100697603-01W,??????????????,Plan,15,48,55.5,"set kijikaku, tiny",-,,,,,,nhóm Ti?n,,,,,,,,,,,,
10/11/2015,100100697603-01W,??????????????,New,,10,8,index + js,,NamPQ,,08:30,17:30,01:00,,,,,,,,,,,,,
11/11/2015,100100697603-01W,??????????????,New,,,8,index + js,,NamPQ,done,08:30,17:30,01:00,code and research js,,,,,,,,,,,,
09/11/2015,100100697603-01W,??????????????,New,,2,2,code layout sub page,,TienND,done,08:30,10:30,,,,,,,,,,,,,,
10/11/2015,100100697603-01W,??????????????,New,,4,4,code common parts ,,TienND,done,10:30,15:30,01:00,,,,,,,,,,,,,
12/11/2015,100100697603-01W,??????????????,New,,1,1,tiny,,NamPQ,done,13:00,14:00,,,,,,,,,,,,,,
12/11/2015,100100697603-01W,??????????????,New,,3,3,kijikaku,,NamPQ,done,14:00,17:00,,,,,,,,,,,,,,
13/11/2015,100100697603-01W,??????????????,New,,,2,fix kijikaku,,NamPQ,done,08:30,10:30,,,,,,,,,,,,,,
11/11/2015,100100697603-01W,??????????????,New,,,1,Join page,,TienND,done,08:30,09:30,,,,,,,,,,,,,,
13/11/2015,100100697603-01W,??????????????,New,,,1,Check,,TienND,done,17:00,18:00,,,,,,,,,,,,,,
13/11/2015,100100697603-01W,??????????????,New,,,2,Fix,,TienND,done,18:30,20:30,,,,,,,,,,,,,,
10/11/2015,100100697603-01W,??????????????,New,,2,1,sub page 2,,TienND,done,16:00,17:00,,,,,,,,,,,,,,
11/11/2015,100100697603-01W,??????????????,New,,8,7,"sub pages 3, 4, 5, 6",,TienND,done,09:30,17:30,01:00,,,,,,,,,,,,,
12/11/2015,100100697603-01W,??????????????,New,,6,6,"sub pages 7, 8, 9",,TienND,done,08:30,15:30,01:00,,,,,,,,,,,,,
13/11/2015,100100697603-01W,??????????????,New,,6,5,"sub pages 10, 11, 12",,TienND,done,08:30,14:30,01:00,,,,,,,,,,,,,
13/11/2015,100100697603-01W,??????????????,New,,6,4.5,"sub pages 13, 14, 15",,NamPQ,done,10:30,16:00,01:00,,,,,,,,,,,,,
,,,,,,0,,,,,,,,,,,,,,,,,,,,
,,,Plan,15,64,63.5,"Responsive, Overrnote, Kijikaku",-,,,,,,Nhóm M?nh,,,,,,,,,,,,
18/11/2015,100101036701-01W,??????????????,New,,8,8,index + js,,HuyTV,done,08:30,17:30,01:00,,,,,,,,,,,,,
19/11/2015,100101036701-01W,??????????????,New,,20,8,responsive,,HuyTV,done,08:30,17:30,01:00,,,,,,,,,,,,,
17/11/2015,100101036701-01W,??????????????,New,,1,1,code layout sub page,,HuyTV,done,15:00,16:00,,,,,,,,,,,,,,
18/11/2015,100101036701-01W,??????????????,New,,2,2,code common parts ,"design all banner, step, pickup",TramNTH,done,08:30,10:30,,,,,,,,,,,,,,
20/11/2015,100101036701-01W,??????????????,New,,3,3,overnotes,,HuyTV,done,08:30,11:30,,,,,,,,,,,,,,
20/11/2015,100101036701-01W,??????????????,New,,3,3,kijikaku,,HuyTV,done,11:30,15:30,01:00,,,,,,,,,,,,,
20/11/2015,100101036701-01W,??????????????,New,,1,1,Join page,,HuyTV,done,10:00,11:00,,,,,,,,,,,,,,
23/11/2015,100101036701-01W,??????????????,New,,1,2,Check,,HuyTV,done,08:30,10:30,,,,,,,,,,,,,,
23/11/2015,100101036701-01W,??????????????,New,,3,5,Fix,,HuyTV,done,10:30,16:30,01:00,,,,,,,,,,,,,
18/11/2015,100101036701-01W,??????????????,New,,4,6,"sub page 11, 13","white.html, protect.html",TramNTH,done,10:30,17:30,01:00,"All 11P, 2pick, 2step, frame, ..",,,,,,,,,,,,
19/11/2015,100101036701-01W,??????????????,New,,4,4.5,"sub page 9, 10","bite.html, prev.html",TramNTH,done,08:30,14:00,01:00,"All 8P, make bieu do,frame spc, pickup,",,,,,,,,,,,,
18/11/2015,100101036701-01W,??????????????,New,,4,5,"sub page 2, 3","staff.html, clinic.html",VuLDN,done,08:30,14:30,01:00,,,,,,,,,,,,,
19/11/2015,100101036701-01W,??????????????,New,,4,4,"sub page 4, 8","visit.html, oral.html",VuLDN,done,08:30,13:30,01:00,,,,,,,,,,,,,
18/11/2015,100101036701-01W,??????????????,New,,4.5,7.5,"sub page 5, 6, 7","general.html,child.html,perio.html",DiepBNH,done,09:00,17:30,01:00,"7P, design  step....",,,,,,,,,,,,
19/11/2015,100101036701-01W,??????????????,New,,1.5,3.5,sub page 12,denture.html,DiepBNH,done,08:30,12:00,,7P...,,,,,,,,,,,,
,,,,,,0,,,,,,,,,,,,,,,,,,,,
,100100887705-01W,????????????????,Plan,17,46,48.5,fmail,,,,,,,Nhóm ??t,,,,,,,,,,,,
17/11/2015,100100887705-01W,????????????????,New,1,6,2.5,index,,ThanhNT,done,15:00,17:30,,,,,,,,,,,,,,
18/11/2015,100100887705-01W,????????????????,New,-,-,3.5,index,,ThanhNT,done,09:30,13:00,,,,,,,,,,,,,,
19/11/2015,100100887705-01W,????????????????,New,-,2,2,code common parts,design banner,ThuyTTN,done,10:00,12:00,,design 7 banner,,,,,,,,,,,,
18/11/2015,100100887705-01W,????????????????,New,-,2,2.5,design layout sub page,,ThuyTTN,done,15:05,17:35,,"design navi, design contents",,,,,,,,,,,,
19/11/2015,100100887705-01W,????????????????,New,-,2,1.5,code layout sub page,cut under,ThuyTTN,done,08:30,10:00,,,,,,,,,,,,,,
24/11/2015,100100887705-01W,????????????????,New,-,-,1,Join page,,ThanhNT,done,14:00,15:00,,,,,,,,,,,,,,
24/11/2015,100100887705-01W,????????????????,New,-,-,1.5,Fix,,ThanhNT,done,16:00,17:30,,,,,,,,,,,,,,
24/11/2015,100100887705-01W,????????????????,New,-,-,1,Check,,ThanhNT,done,15:00,16:00,,,,,,,,,,,,,,
11/19/2015,100100887705-01W,????????????????,New,4,8,4.5,"sub page 2, 3, 4, 5","plusone/index.html
, plusone/check.html
, plusone/application.html
, about/index.html",ThuyTTN,done,13:00,17:30,,11 page word,,,,,,,,,,,,
11/20/2015,100100887705-01W,????????????????,New,2,4,1,"sub page 6,7","lecturer/entry.html
,lecturer/grade.html",ThuyTTN,done,08:30,09:30,,4 pgae word,,,,,,,,,,,,
11/20/2015,100100887705-01W,????????????????,New,-,-,0.5,design ,"design frame, design image",ThuyTTN,done,14:00,14:30,,design image lecturer/entry.html,,,,,,,,,,,,
11/23/2015,100100887705-01W,????????????????,New,9,18,6.5,"sub page 8,9,10,11,12,13,14,15,16","lecturer/flow.html, lecturer/index.html, lecturer/detail.html, about/results.html, about/detail.html, training/index.html, training/detail.html, column/index.html, column/detail.html",ThuyTTN,done,10:00,17:30,01:00,"12 page word, design frame, design button",,,,,,,,,,,,
11/24/2015,100100887705-01W,????????????????,New,-,-,1.5,"sub page 9, 10","add excel  lecturer/index.html, lecturer/detail.html",ThuyTTN,done,09:00,10:30,,,,,,,,,,,,,,
11/24/2015,100100887705-01W,????????????????,New,-,-,2.5,check and fix,"check and fix page(2,3,4,5,6,7,8,9,10,11,12,13,14,15,16)",ThuyTTN,done,15:00,17:30,,,,,,,,,,,,,,
19/11/2015,100100887705-01W,????????????????,New,-,-,7,index,,ThanhNT,done,09:30,17:30,01:00,,,,,,,,,,,,,
20/11/2015,100100887705-01W,????????????????,New,,,1,index,,ThanhNT,done,11:30,13:30,01:00,,,,,,,,,,,,,
23/11/2015,100100887705-01W,????????????????,New,,,4.5,under,,ThanhNT,done,13:00,17:30,,,,,,,,,,,,,,
24/11/2015,100100887705-01W,????????????????,New,-,2,2,set js,,ThanhNT,done,09:00,11:00,,,,,,,,,,,,,,
24/11/2015,100100887705-01W,????????????????,New,1,2,2,"fmail page 17, 18",,ThanhNT,done,11:00,14:00,01:00,,,,,,,,,,,,,
,,,,,,,,,,,,,,,,,,,,,,,,,,
,100100982601-01W,????????,Plan,4,10,10,,,,,,,,Nhóm Ti?n,,,,,,,,,,,,
16/11/2015,100100982601-01W,????????,Fix,,10,2.5,overnote,,NamPQ,done,15:00,17:30,,,,,,,,,,,,,,
17/11/2015,100100982601-01W,????????,Fix,,,7.5,overnote,,NamPQ,done,09:00,17:30,01:00,,,,,,,,,,,,,
,,,,,,0,,,,,,,,,,,,,,,,,,,,
,,,Plan,16,54,51,"Overrnote, Kijikaku",-,,,,,,Nhóm M?nh,,,,,,,,,,,,
20/11/2015,000100181406-01W,?????????,New,,8,8,index + js,,VuLDN,done,08:30,17:30,01:00,,,,,,,,,,,,,
23/11/2015,000100181406-01W,?????????,New,,1,1,code layout sub page,,VuLDN,done,08:30,09:30,,,,,,,,,,,,,,
23/11/2015,000100181406-01W,?????????,New,,1,2,design layout sub page,,TramNTH,done,08:30,10:30,,,,,,,,,,,,,,
25/11/2015,000100181406-01W,?????????,New,,4,7,overnote,,ManhT,done,13:00,20:00,,,,,,,,,,,,,,
24/11/2015,000100181406-01W,?????????,New,,3,2,kijikaku,,VuLDN,done,09:30,11:30,,,,,,,,,,,,,,
24/11/2015,000100181406-01W,?????????,New,,1,1,Join page,,VuLDN,done,08:30,09:30,,,,,,,,,,,,,,
24/11/2015,000100181406-01W,?????????,New,,3,4.5,Fix,,VuLDN,done,13:00,17:30,,,,,,,,,,,,,,
23/11/2015,000100181406-01W,?????????,New,,6,6.5,"sub page 14, 15, 16, 17","question.html, info.html, voice.html, setting.html",TramNTH,done,10:00,17:30,01:00,,,,,,,,,,,,,
20/11/2015,000100181406-01W,?????????,New,,6,8,"sub page 2,3,4,9","problem.html, about.html ,lineup.html, brandstory.html ",DiepBNH,done,08:30,17:30,01:00,,,,,,,,,,,,,
24/11/2015,000100181406-01W,?????????,New,,6,4,"sub page 10, 11, 12, 13","dealer.html, company.html, flow.html, superiority.html",HuyTV,done,08:30,12:30,,,,,,,,,,,,,,
24/11/2015,000100181406-01W,?????????,New,,3,3,sub page,"country/index.html, country/post",ManhT,done,08:30,11:30,,,,,,,,,,,,,,
25/11/2015,000100181406-01W,?????????,New,,3,3,sub page,"notagilic/index.html, notagilic/post",ManhT,done,08:30,11:30,,,,,,,,,,,,,,
23/11/2015,000100181406-01W,?????????,New,,,1,"Fix, check sub page","problem.html, about.html ,lineup.html, brandstory.html ",DiepBNH,done,09:00,10:00,,,,,,,,,,,,,,
,,,,,,,,,,,,,,,,,,,,,,,,,,
,100101057201-01W,??????????????????????,Plan,15,44,39.5,"set kijikaku, tiny",-,,,,,,TriN,,,,,,,,,,,,
11/18/2015,100101057201-01W,??????????????????????,New,1,6,6,index,,TriN,done,08:30,15:30,1:00,,,,,,,,,,,,,
11/18/2015,100101057201-01W,??????????????????????,New,-,2,2,code layout sub page,,TriN,done,15:30,17:30,,,,,,,,,,,,,,
11/19/2015,100101057201-01W,??????????????????????,New,-,2,1.5,code common parts ,,TriN,done,08:30,10:00,,,,,,,,,,,,,,
11/19/2015,100101057201-01W,??????????????????????,Option,-,3,1.5,set kijikaku,,TriN,done,10:30,12:00,,,,,,,,,,,,,,
11/19/2015,100101057201-01W,??????????????????????,Option,-,1,1,set tiny,,TriN,done,13:00,14:00,,,,,,,,,,,,,,
11/19/2015,100101057201-01W,??????????????????????,subpage,-,4,3.5,"page 1, page 2",,TriN,done,14:00,17:30,,,,,,,,,,,,,,
11/20/2015,100101057201-01W,??????????????????????,subpage,-,8,8,"page 3, 4, 5, 6, 7, 8",,TriN,done,08:30,17:30,1:00,,,,,,,,,,,,,
11/23/2015,100101057201-01W,??????????????????????,subpage,-,8,8,"page 9, 10, 11, 12, 13",,TriN,done,08:30,17:30,1:00,,,,,,,,,,,,,
11/24/2015,100101057201-01W,??????????????????????,subpage,-,8,8,"page 14, 15, check",,TriN,done,08:30,17:30,1:00,,,,,,,,,,,,,
,,,,,,,,,,,,,,,,,,,,,,,,,,
,100101043101-01W,?????stand up A guy's,Plan,20,55,56,"set kijikaku, overnotes, fmail",-,,,,,,TriN,,,,,,,,,,,,
11/11/2015,100101043101-01W,?????stand up A guy's,New,1,6,6,index,,TriN,done,08:30,15:30,1:00,,,,,,,,,,,,,
11/11/2015,100101043101-01W,?????stand up A guy's,   ,-,2,2,design layout sub page,,TriN,done,15:30,17:30,,,,,,,,,,,,,,
11/12/2015,100101043101-01W,?????stand up A guy's,New,-,2,1.5,code layout sub page,,TriN,done,08:30,10:00,,,,,,,,,,,,,,
11/12/2015,100101043101-01W,?????stand up A guy's,New,-,2,2,code common parts ,,TriN,done,10:00,12:00,,,,,,,,,,,,,,
11/16/2015,100101043101-01W,?????stand up A guy's,Option,-,3,8,"set kijikaku, check & fix",,NgocTT,done,08:30,17:30,1:00,,,,,,,,,,,,,
11/11/2015,100101043101-01W,?????stand up A guy's,Option,-,3,3.5,overnotes,,NgocTT,done,14:00,17:30,,,,,,,,,,,,,,
11/12/2015,100101043101-01W,?????stand up A guy's,Option,-,2,2,set js (main image),,TriN,done,13:00,15:00,,,,,,,,,,,,,,
11/12/2015,100101043101-01W,?????stand up A guy's,New,-,2,2.5,sub page 1,,TriN,done,15:00,17:30,,,,,,,,,,,,,,
11/13/2015,100101043101-01W,?????stand up A guy's,New,-,8,8,"sub page 2,3,4,5,6",,TriN,done,08:30,17:30,1:00,,,,,,,,,,,,,
11/16/2015,100101043101-01W,?????stand up A guy's,New,-,8,8,"sub page 7,8,9,10",,TriN,done,08:30,17:30,1:00,,,,,,,,,,,,,
11/12/2015,100101043101-01W,?????stand up A guy's,New,-,8,4.5,"sub page 19, 20,18",,NgocTT,done,08:30,14:00,1:00,,,,,,,,,,,,,
11/13/2015,100101043101-01W,?????stand up A guy's,New,-,8,8,"sub page  11,15,16, 17, ",,NgocTT,done,08:30,17:30,1:00,,,,,,,,,,,,,
,,,,,,,,,,,,,,,,,,,,,,,,,,
,100101050901-01W,????????,Plan,15,44,46.75,"set kijikaku, overnotes, fmail",-,,,,,,TienND,,,,,,,,,,,,
11/20/2015,100101050901-01W,????????,New,1,6,8,index,,NamPQ,,08:30,17:30,1:00,,,,,,,,,,,,,
,100101050901-01W,????????,,-,,0,design layout sub page,,,,,,,,,,,,,,,,,,,
11/19/2015,100101050901-01W,????????,New,-,2,2,code layout sub page,,TienND,,08:30,10:30,,,,,,,,,,,,,,
11/19/2015,100101050901-01W,????????,New,-,2,2.5,code common parts ,,TienND,,10:30,14:00,1:00,,,,,,,,,,,,,
11/24/2015,100101050901-01W,????????,Option,-,3,2.5,set kijikaku,,NamPQ,,08:30,11:00,,,,,,,,,,,,,,
11/23/2015,100101050901-01W,????????,Option,-,3,2.5,overnotes,,NamPQ,,08:30,11:00,,,,,,,,,,,,,,
,100101050901-01W,????????,Option,-,,0,set js (main image),,,,,,,,,,,,,,,,,,,
11/19/2015,100101050901-01W,????????,New,-,4,4,"sub page 2,3",,TienND,,14:00,18:00,,,,,,,,,,,,,,
11/23/2015,100101050901-01W,????????,New,-,8,8,"sub page 4,5,6,7",,TienND,,08:30,17:30,1:00,,,,,,,,,,,,,
11/24/2015,100101050901-01W,????????,New,-,6,5.5,"sub page 8,9,13",,TienND,,08:30,15:00,1:00,,,,,,,,,,,,,
11/23/2015,100101050901-01W,????????,New,-,4,3,"sub page 10,11",,NamPQ,,11:00,15:00,1:00,,,,,,,,,,,,,
11/24/2015,100101050901-01W,????????,New,-,6,5,"sub page 12,14,15",,NamPQ,,11:00,17:00,1:00,,,,,,,,,,,,,
11/23/2015,100101050901-01W,????????,New,-,,1.5,painting illus,,ThuyTTN,,08:30,10:00,,,,,,,,,,,,,,
11/24/2015,100101050901-01W,????????,New,-,,2.25,fix all pages,all pages,TienND,,17:30,19:45,,,,,,,,,,,,,,
,,,,,,0,,,,,,,,,,,,,,,,,,,,
,100100306125-01W,????ecoo,Plan,-,-,75,"set kijikaku, overnotes, fmail",-,,,,,, DatNVT,,,,,,,,,,,,
11/12/2015,100101050901-01W,????????,Fix,1,8,8,sub page 1,,DatNVT,,08:30,17:30,1:00,,,,,,,,,,,,,
11/13/2015,100101050901-01W,????????,Fix,1,8,8,sub page 2,,DatNVT,,08:30,17:30,1:00,,,,,,,,,,,,,
11/16/2015,100101050901-01W,????????,Fix,1,8,8,sub page 1,,DatNVT,,08:30,17:30,1:00,,,,,,,,,,,,,
11/17/2015,100101050901-01W,????????,Fix,1,8,8,sub page 2,,DatNVT,,08:30,17:30,1:00,,,,,,,,,,,,,
11/18/2015,100101050901-01W,????????,Fix,1,8,10,sub page 1,,DatNVT,,08:30,19:30,1:00,,,,,,,,,,,,,
11/19/2015,100101050901-01W,????????,Fix,1,8,10,sub page 1,,DatNVT,,08:30,19:30,1:00,,,,,,,,,,,,,
11/20/2015,100101050901-01W,????????,Fix,1,8,8,sub page 1,,DatNVT,,08:30,17:30,1:00,,,,,,,,,,,,,
11/25/2015,100101050901-01W,????????,Fix,1,8,7,fix all pages,,DatNVT,,09:30,17:30,1:00,,,,,,,,,,,,,
11/26/2015,100101050901-01W,????????,Fix,1,8,8,fix all pages,,DatNVT,,08:30,17:30,1:00,,,,,,,,,,,,,
,,,,,,0,,,,,,,,,,,,,,,,,,,,
,100100290105-01W,????????,Plan,10,36,33.5,"set kijikaku, overnotes, fmail",,,,,,,,,,,,,,,,,,,
17/11/2015,100100290105-01W,????????,New,,6,4,index,"thông tin psd và txt, excel khác nhau, g?i thi?u hình, ch? th? không rõ ràng, ph?i confrim r?t nhi?u l?n, m?t th?i gian",BichVTN,,13:30,17:30,,,,,,,,,,,,,,
18/11/2015,100100290105-01W,????????,New,,,2.5,index,,BichVTN,,15:30,18:00,,,,,,,,,,,,,,
19/11/2015,100100290105-01W,????????,New,-,1,1,code layout sub page,,BichVTN,,10:30,11:30,,,,,,,,,,,,,,
19/11/2015,100100290105-01W,????????,New,-,2,2,code common parts ,design under + banner + table + title + flow box,BichVTN,,11:30,14:30,01:00,,,,,,,,,,,,,
23/11/2015,100100290105-01W,????????,Option,-,3,2.5,set kijikaku,blogs ,BichVTN,,11:30,15:00,01:00,,,,,,,,,,,,,
23/11/2015,100100290105-01W,????????,Option,-,3,3,overnotes,case ,BichVTN,,08:30,11:30,,,,,,,,,,,,,,
19/11/2015,100100290105-01W,????????,Option,-,2,2,set js (main image),,BichVTN,,08:30,10:30,,,,,,,,,,,,,,
23/11/2015,100100290105-01W,????????,New,,2,1.5,Check,,BichVTN,,16:00,17:30,,,,,,,,,,,,,,
23/11/2015,100100290105-01W,????????,New,,2,2,Fix,,BichVTN,,17:30,19:30,,,,,,,,,,,,,,
20/11/2015,100100290105-01W,????????,New,,8,8,"sub page 2,3,8,9","lineup.html,orginal.html,question.html,flow.html",BichVTN,,08:30,17:30,01:00,,,,,,,,,,,,,
19/11/2015,100100290105-01W,????????,New,,4,4,"sub page 6,7"," superiority.html,company.html",BichVTN,,14:30,18:30,,,,,,,,,,,,,,
23/11/2015,100100290105-01W,????????,New,,2,1,fmail,info ,BichVTN,,15:00,16:00,,,,,,,,,,,,,,
25/11/2015,100100290105-01W,????????,Fix ,,3,4.5,overnotes,s?a lineup thành overnote,BichVTN,,13:00,17:30,,,,,,,,,,,,,,
,,,,,,,,,,,,,,,,,,,,,,,,,,
,,,,,,,,,,,,,,,,,,,,,,,,,,
,,,,,,,,,,,,,,,,,,,,,,,,,,
30/11/2015,000100181406-01W,,Fix,,4,1,all page,,ManhT,done,14:30,15:30,,,,,,,,,,,,,,
30/11/2015,000100181406-01W,,Fix,,4,3,all page,,VuLDN,done,14:30,17:30,,,,,,,,,,,,,,
23/11/2015,100100567803-01W,,Fix,,6,6,all page,,VuLDN,done,09:30:00,16:30:00,01:00:00,,,,,,,,,,,,,
26/11/2015,100101031701-01W,,Fix,,3,3,all page,,VuLDN,done,13:00:00,16:00:00,,,,,,,,,,,,,,
27/11/2015,100101046801-01W,,New,,5,6,Fmail,,VuLDN,done,08:30,15:30,01:00,,,,,,,,,,,,,
02/11/2015,100100490921-01W,????????????,Fix,-,4,4,fix all pages,all pages,ThuyTTN,done,13:00,17:00,,,,,,,,,,,,,,
04/11/2015,100100645107-01W,??????????????????,Fix,-,2,2,sua overnote,sua overnote,ManhT,done,15:00,17:00,,,,,,,,,,,,,,
13/11/2015,100100294010-01W,?????????????????,Fix,,5,5,fix all pages,all pages,TrucPTT,done,08:30,14:30,01:00,,,,,,,,,,,,,
20/11/2015,100100490921-01W,????????????,Fix,-,5,5,fix all pages,all pages,ThuyTTN,done,14:30,19:30,,,,,,,,,,,,,,
20/11/2015,100101038101-01W,????????????????,Fix,-,1.5,1.5,fix all pages,all pages,ThuyTTN,done,19:30,21:00,,,,,,,,,,,,,,
20/11/2015,100101032801-01W,?????,Fix,-,3,2.75,fix all pages,all pages,TrucPTT,done,18:30,21:15,,,,,,,,,,,,,,
20/11/2015,100101023401-01W,,Fix,,5,3,all pages,,HuyTV,done,17:00,20:00,,,,,,,,,,,,,,
25/11/2015,100101051701-01W,,New,,6,8,index,,HuyTV,done,08:30,17:30,01:00,,,,,,,,,,,,,
27/11/2015,000100181406-01W,,Fix,-,3.5,3.5,index,,ManhT,done,08:30,12:00,,,,,,,,,,,,,,
26/11/2015,100101040901-01W,,Fix,,5,5,index,,ManhT,done,08:30,14:30,01:00,,,,,,,,,,,,,
27/11/2015,100101023401-01W,,Fix,,3,2,all pages,all pages,HuyTV,done,16:30,18:30,,,,,,,,,,,,,,
,,,,,,,,,,,,,,,,,,,,,,,,,,
,,,,,,,,,,,,,,,,,,,,,,,,,,
,,,,,,,,,,,,,,,,,,,,,,,,,,
,100100871829-01W,?????Manzana,Plan,10,32,7,"set kijikaku, overnotes, fmail",-,,,,,,TienND,,,,,,,,,,,,
11/30/2015,100100871829-01W,?????Manzana,New,1,6,7,index,,NamPQ,,09:30,17:30,1:00,,,,,,,,,,,,,
,100100871829-01W,?????Manzana,,,,0,design layout sub page,,,,,,,,,,,,,,,,,,,
,100100871829-01W,?????Manzana,,,,0,code layout sub page,,,,,,,,,,,,,,,,,,,
,100100871829-01W,?????Manzana,,,,0,code common parts ,,,,,,,,,,,,,,,,,,,
,100100871829-01W,?????Manzana,,,,0,set kijikaku,,,,,,,,,,,,,,,,,,,
,100100871829-01W,?????Manzana,,,,0,overnotes,,,,,,,,,,,,,,,,,,,
,100100871829-01W,?????Manzana,,,,0,set js (main image),,,,,,,,,,,,,,,,,,,
,100100871829-01W,?????Manzana,,,,0,,,,,,,,,,,,,,,,,,,,
,100100871829-01W,?????Manzana,,,,0,,,,,,,,,,,,,,,,,,,,
,100100871829-01W,?????Manzana,,,,0,,,,,,,,,,,,,,,,,,,,
,100100871829-01W,?????Manzana,,,,0,,,,,,,,,,,,,,,,,,,,
,100100871829-01W,?????Manzana,,,,0,,,,,,,,,,,,,,,,,,,,
,100100871829-01W,?????Manzana,,,,0,,,,,,,,,,,,,,,,,,,,
,,,,,,,,,,,,,,,,,,,,,,,,,,
,100101061501-01W,????????????,Plan,35,129,0,Responsive,,,,,,,Nhóm M?nh,,,,,,,,,,,,
,100101061501-01W,????????????,New,,,0,index,,,,,,,,,,,,,,,,,,,
,100101061501-01W,????????????,New,,,0,design layout sub page,,,,,,,,,,,,,,,,,,,
,100101061501-01W,????????????,New,,,0,code layout sub page,,,,,,,,,,,,,,,,,,,
,100101061501-01W,????????????,New,,,0,code common parts ,,,,,,,,,,,,,,,,,,,
,100101061501-01W,????????????,Option,,,0,set kijikaku,,,,,,,,,,,,,,,,,,,
,100101061501-01W,????????????,Option,,,0,overnotes,,,,,,,,,,,,,,,,,,,
,100101061501-01W,????????????,Option,,,0,set js (main image),,,,,,,,,,,,,,,,,,,
,100101061501-01W,????????????,,,,0,,,,,,,,,,,,,,,,,,,,
,100101061501-01W,????????????,,,,0,,,,,,,,,,,,,,,,,,,,
,100101061501-01W,????????????,,,,0,,,,,,,,,,,,,,,,,,,,
,100101061501-01W,????????????,,,,0,,,,,,,,,,,,,,,,,,,,
,100101061501-01W,????????????,,,,0,,,,,,,,,,,,,,,,,,,,
,100101061501-01W,????????????,,,,0,,,,,,,,,,,,,,,,,,,,
,100101061501-01W,????????????,,,,0,,,,,,,,,,,,,,,,,,,,
,100101061501-01W,????????????,,,,0,,,,,,,,,,,,,,,,,,,,
,100101061501-01W,????????????,,,,0,,,,,,,,,,,,,,,,,,,,
,,,,,,,,,,,,,,,,,,,,,,,,,,
,,,,,,,,,,,,,,,,,,,,,,,,,,
,,,,,,,,,,,,,,,,,,,,,,,,,,
,,,,,,,,,,,,,,,,,,,,,,,,,,
,,,,,,,,,,,,,,,,,,,,,,,,,,
,,,,,,,,,,,,,,,,,,,,,,,,,,
,,,,,,,,,,,,,,,,,,,,,,,,,,
,,,,,,,,,,,,,,,,,,,,,,,,,,
,,,,,,,,,,,,,,,,,,,,,,,,,,
,,,,,,,,,,,,,,,,,,,,,,,,,,
,,,,,,,,,,,,,,,,,,,,,,,,,,
,,,,,,,,,,,,,,,,,,,,,,,,,,
,,,,,,,,,,,,,,,,,,,,,,,,,,
,,,,,,,,,,,,,,,,,,,,,,,,,,
,,,,,,,,,,,,,,,,,,,,,,,,,,
,,,,,,,,,,,,,,,,,,,,,,,,,,
,,,,,,,,,,,,,,,,,,,,,,,,,,
,,,,,,,,,,,,,,,,,,,,,,,,,,
,,,,,,,,,,,,,,,,,,,,,,,,,,
,,,,,,,,,,,,,,,,,,,,,,,,,,
,,,,,,,,,,,,,,,,,,,,,,,,,,
,,,,,,,,,,,,,,,,,,,,,,,,,,
,,,,,,,,,,,,,,,,,,,,,,,,,,
,,,,,,,,,,,,,,,,,,,,,,,,,,
,,,,,,,,,,,,,,,,,,,,,,,,,,
,,,,,,,,,,,,,,,,,,,,,,,,,,
,,,,,,,,,,,,,,,,,,,,,,,,,,
,,,,,,,,,,,,,,,,,,,,,,,,,,
,,,,,,,,,,,,,,,,,,,,,,,,,,
,,,,,,,,,,,,,,,,,,,,,,,,,,
,,,,,,,,,,,,,,,,,,,,,,,,,,
,,,,,,,,,,,,,,,,,,,,,,,,,,
,,,,,,,,,,,,,,,,,,,,,,,,,,
,,,,,,,,,,,,,,,,,,,,,,,,,,
,,,,,,,,,,,,,,,,,,,,,,,,,,
,,,,,,,,,,,,,,,,,,,,,,,,,,
,,,,,,,,,,,,,,,,,,,,,,,,,,
,,,,,,,,,,,,,,,,,,,,,,,,,,
,,,,,,,,,,,,,,,,,,,,,,,,,,
,,,,,,,,,,,,,,,,,,,,,,,,,,
,,,,,,,,,,,,,,,,,,,,,,,,,,
,,,,,,,,,,,,,,,,,,,,,,,,,,
,,,,,,,,,,,,,,,,,,,,,,,,,,
,,,,,,,,,,,,,,,,,,,,,,,,,,
,,,,,,,,,,,,,,,,,,,,,,,,,,
,,,,,,,,,,,,,,,,,,,,,,,,,,
,,,,,,,,,,,,,,,,,,,,,,,,,,
,,,,,,,,,,,,,,,,,,,,,,,,,,
,,,,,,,,,,,,,,,,,,,,,,,,,,
,,,,,,,,,,,,,,,,,,,,,,,,,,
,,,,,,,,,,,,,,,,,,,,,,,,,,
,,,,,,,,,,,,,,,,,,,,,,,,,,
,,,,,,,,,,,,,,,,,,,,,,,,,,
,,,,,,,,,,,,,,,,,,,,,,,,,,
,,,,,,,,,,,,,,,,,,,,,,,,,,
,,,,,,,,,,,,,,,,,,,,,,,,,,
,,,,,,,,,,,,,,,,,,,,,,,,,,
,,,,,,,,,,,,,,,,,,,,,,,,,,
,,,,,,,,,,,,,,,,,,,,,,,,,,
,,,,,,,,,,,,,,,,,,,,,,,,,,
,,,,,,,,,,,,,,,,,,,,,,,,,,
,,,,,,,,,,,,,,,,,,,,,,,,,,
,,,,,,,,,,,,,,,,,,,,,,,,,,
,,,,,,,,,,,,,,,,,,,,,,,,,,
,,,,,,,,,,,,,,,,,,,,,,,,,,
,,,,,,,,,,,,,,,,,,,,,,,,,,
,,,,,,,,,,,,,,,,,,,,,,,,,,
,,,,,,,,,,,,,,,,,,,,,,,,,,
,,,,,,,,,,,,,,,,,,,,,,,,,,
,,,,,,,,,,,,,,,,,,,,,,,,,,
,,,,,,,,,,,,,,,,,,,,,,,,,,
,,,,,,,,,,,,,,,,,,,,,,,,,,
,,,,,,,,,,,,,,,,,,,,,,,,,,
,,,,,,,,,,,,,,,,,,,,,,,,,,
,,,,,,,,,,,,,,,,,,,,,,,,,,
,,,,,,,,,,,,,,,,,,,,,,,,,,
,,,,,,,,,,,,,,,,,,,,,,,,,,
,,,,,,,,,,,,,,,,,,,,,,,,,,
,,,,,,,,,,,,,,,,,,,,,,,,,,
,,,,,,,,,,,,,,,,,,,,,,,,,,
,,,,,,,,,,,,,,,,,,,,,,,,,,
,,,,,,,,,,,,,,,,,,,,,,,,,,
,,,,,,,,,,,,,,,,,,,,,,,,,,
,,,,,,,,,,,,,,,,,,,,,,,,,,
,,,,,,,,,,,,,,,,,,,,,,,,,,
,,,,,,,,,,,,,,,,,,,,,,,,,,
,,,,,,,,,,,,,,,,,,,,,,,,,,
,,,,,,,,,,,,,,,,,,,,,,,,,,
,,,,,,,,,,,,,,,,,,,,,,,,,,
,,,,,,,,,,,,,,,,,,,,,,,,,,
,,,,,,,,,,,,,,,,,,,,,,,,,,
,,,,,,,,,,,,,,,,,,,,,,,,,,
,,,,,,,,,,,,,,,,,,,,,,,,,,
,,,,,,,,,,,,,,,,,,,,,,,,,,
,,,,,,,,,,,,,,,,,,,,,,,,,,
,,,,,,,,,,,,,,,,,,,,,,,,,,
,,,,,,,,,,,,,,,,,,,,,,,,,,
,,,,,,,,,,,,,,,,,,,,,,,,,,
,,,,,,,,,,,,,,,,,,,,,,,,,,
,,,,,,,,,,,,,,,,,,,,,,,,,,
,,,,,,,,,,,,,,,,,,,,,,,,,,
,,,,,,,,,,,,,,,,,,,,,,,,,,
,,,,,,,,,,,,,,,,,,,,,,,,,,
,,,,,,,,,,,,,,,,,,,,,,,,,,
,,,,,,,,,,,,,,,,,,,,,,,,,,
,,,,,,,,,,,,,,,,,,,,,,,,,,
,,,,,,,,,,,,,,,,,,,,,,,,,,
,,,,,,,,,,,,,,,,,,,,,,,,,,
,,,,,,,,,,,,,,,,,,,,,,,,,,
,,,,,,,,,,,,,,,,,,,,,,,,,,
,,,,,,,,,,,,,,,,,,,,,,,,,,
,,,,,,,,,,,,,,,,,,,,,,,,,,
,,,,,,,,,,,,,,,,,,,,,,,,,,
,,,,,,,,,,,,,,,,,,,,,,,,,,
,,,,,,,,,,,,,,,,,,,,,,,,,,
,,,,,,,,,,,,,,,,,,,,,,,,,,
,,,,,,,,,,,,,,,,,,,,,,,,,,
,,,,,,,,,,,,,,,,,,,,,,,,,,
,,,,,,,,,,,,,,,,,,,,,,,,,,
,,,,,,,,,,,,,,,,,,,,,,,,,,
,,,,,,,,,,,,,,,,,,,,,,,,,,
,,,,,,,,,,,,,,,,,,,,,,,,,,
,,,,,,,,,,,,,,,,,,,,,,,,,,
,,,,,,,,,,,,,,,,,,,,,,,,,,
,,,,,,,,,,,,,,,,,,,,,,,,,,
,,,,,,,,,,,,,,,,,,,,,,,,,,
,,,,,,,,,,,,,,,,,,,,,,,,,,
,,,,,,,,,,,,,,,,,,,,,,,,,,
,,,,,,,,,,,,,,,,,,,,,,,,,,
,,,,,,,,,,,,,,,,,,,,,,,,,,
,,,,,,,,,,,,,,,,,,,,,,,,,,
,,,,,,,,,,,,,,,,,,,,,,,,,,
,,,,,,,,,,,,,,,,,,,,,,,,,,
,,,,,,,,,,,,,,,,,,,,,,,,,,
,,,,,,,,,,,,,,,,,,,,,,,,,,
,,,,,,,,,,,,,,,,,,,,,,,,,,
,,,,,,,,,,,,,,,,,,,,,,,,,,
,,,,,,,,,,,,,,,,,,,,,,,,,,
,,,,,,,,,,,,,,,,,,,,,,,,,,
,,,,,,,,,,,,,,,,,,,,,,,,,,
,,,,,,,,,,,,,,,,,,,,,,,,,,
,,,,,,,,,,,,,,,,,,,,,,,,,,
,,,,,,,,,,,,,,,,,,,,,,,,,,
,,,,,,,,,,,,,,,,,,,,,,,,,,
,,,,,,,,,,,,,,,,,,,,,,,,,,
,,,,,,,,,,,,,,,,,,,,,,,,,,
,,,,,,,,,,,,,,,,,,,,,,,,,,
,,,,,,,,,,,,,,,,,,,,,,,,,,
,,,,,,,,,,,,,,,,,,,,,,,,,,
,,,,,,,,,,,,,,,,,,,,,,,,,,
,,,,,,,,,,,,,,,,,,,,,,,,,,
,,,,,,,,,,,,,,,,,,,,,,,,,,
,,,,,,,,,,,,,,,,,,,,,,,,,,
,,,,,,,,,,,,,,,,,,,,,,,,,,
,,,,,,,,,,,,,,,,,,,,,,,,,,
,,,,,,,,,,,,,,,,,,,,,,,,,,
,,,,,,,,,,,,,,,,,,,,,,,,,,
,,,,,,,,,,,,,,,,,,,,,,,,,,
,,,,,,,,,,,,,,,,,,,,,,,,,,
,,,,,,,,,,,,,,,,,,,,,,,,,,
,,,,,,,,,,,,,,,,,,,,,,,,,,
,,,,,,,,,,,,,,,,,,,,,,,,,,
,,,,,,,,,,,,,,,,,,,,,,,,,,
,,,,,,,,,,,,,,,,,,,,,,,,,,
,,,,,,,,,,,,,,,,,,,,,,,,,,
,,,,,,,,,,,,,,,,,,,,,,,,,,
,,,,,,,,,,,,,,,,,,,,,,,,,,
,,,,,,,,,,,,,,,,,,,,,,,,,,
,,,,,,,,,,,,,,,,,,,,,,,,,,
,,,,,,,,,,,,,,,,,,,,,,,,,,
,,,,,,,,,,,,,,,,,,,,,,,,,,
,,,,,,,,,,,,,,,,,,,,,,,,,,
,,,,,,,,,,,,,,,,,,,,,,,,,,
,,,,,,,,,,,,,,,,,,,,,,,,,,
,,,,,,,,,,,,,,,,,,,,,,,,,,
,,,,,,,,,,,,,,,,,,,,,,,,,,
,,,,,,,,,,,,,,,,,,,,,,,,,,
,,,,,,,,,,,,,,,,,,,,,,,,,,
,,,,,,,,,,,,,,,,,,,,,,,,,,
,,,,,,,,,,,,,,,,,,,,,,,,,,
,,,,,,,,,,,,,,,,,,,,,,,,,,
,,,,,,,,,,,,,,,,,,,,,,,,,,
,,,,,,,,,,,,,,,,,,,,,,,,,,
,,,,,,,,,,,,,,,,,,,,,,,,,,
,,,,,,,,,,,,,,,,,,,,,,,,,,
,,,,,,,,,,,,,,,,,,,,,,,,,,
,,,,,,,,,,,,,,,,,,,,,,,,,,
,,,,,,,,,,,,,,,,,,,,,,,,,,
,,,,,,,,,,,,,,,,,,,,,,,,,,
,,,,,,,,,,,,,,,,,,,,,,,,,,
,,,,,,,,,,,,,,,,,,,,,,,,,,
,,,,,,,,,,,,,,,,,,,,,,,,,,
,,,,,,,,,,,,,,,,,,,,,,,,,,
,,,,,,,,,,,,,,,,,,,,,,,,,,
,,,,,,,,,,,,,,,,,,,,,,,,,,
,,,,,,,,,,,,,,,,,,,,,,,,,,
,,,,,,,,,,,,,,,,,,,,,,,,,,
,,,,,,,,,,,,,,,,,,,,,,,,,,
,,,,,,,,,,,,,,,,,,,,,,,,,,
,,,,,,,,,,,,,,,,,,,,,,,,,,
,,,,,,,,,,,,,,,,,,,,,,,,,,
,,,,,,,,,,,,,,,,,,,,,,,,,,
,,,,,,,,,,,,,,,,,,,,,,,,,,
,,,,,,,,,,,,,,,,,,,,,,,,,,
,,,,,,,,,,,,,,,,,,,,,,,,,,
,,,,,,,,,,,,,,,,,,,,,,,,,,
,,,,,,,,,,,,,,,,,,,,,,,,,,
,,,,,,,,,,,,,,,,,,,,,,,,,,
,,,,,,,,,,,,,,,,,,,,,,,,,,
,,,,,,,,,,,,,,,,,,,,,,,,,,
,,,,,,,,,,,,,,,,,,,,,,,,,,
,,,,,,,,,,,,,,,,,,,,,,,,,,
,,,,,,,,,,,,,,,,,,,,,,,,,,
,,,,,,,,,,,,,,,,,,,,,,,,,,
,,,,,,,,,,,,,,,,,,,,,,,,,,
,,,,,,,,,,,,,,,,,,,,,,,,,,
,,,,,,,,,,,,,,,,,,,,,,,,,,
,,,,,,,,,,,,,,,,,,,,,,,,,,
,,,,,,,,,,,,,,,,,,,,,,,,,,
,,,,,,,,,,,,,,,,,,,,,,,,,,
,,,,,,,,,,,,,,,,,,,,,,,,,,
,,,,,,,,,,,,,,,,,,,,,,,,,,
,,,,,,,,,,,,,,,,,,,,,,,,,,
,,,,,,,,,,,,,,,,,,,,,,,,,,
,,,,,,,,,,,,,,,,,,,,,,,,,,
,,,,,,,,,,,,,,,,,,,,,,,,,,
,,,,,,,,,,,,,,,,,,,,,,,,,,
,,,,,,,,,,,,,,,,,,,,,,,,,,
,,,,,,,,,,,,,,,,,,,,,,,,,,
,,,,,,,,,,,,,,,,,,,,,,,,,,
,,,,,,,,,,,,,,,,,,,,,,,,,,
,,,,,,,,,,,,,,,,,,,,,,,,,,
,,,,,,,,,,,,,,,,,,,,,,,,,,
,,,,,,,,,,,,,,,,,,,,,,,,,,
,,,,,,,,,,,,,,,,,,,,,,,,,,
,,,,,,,,,,,,,,,,,,,,,,,,,,
,,,,,,,,,,,,,,,,,,,,,,,,,,
,,,,,,,,,,,,,,,,,,,,,,,,,,
,,,,,,,,,,,,,,,,,,,,,,,,,,
,,,,,,,,,,,,,,,,,,,,,,,,,,
,,,,,,,,,,,,,,,,,,,,,,,,,,
,,,,,,,,,,,,,,,,,,,,,,,,,,
,,,,,,,,,,,,,,,,,,,,,,,,,,
,,,,,,,,,,,,,,,,,,,,,,,,,,
,,,,,,,,,,,,,,,,,,,,,,,,,,
,,,,,,,,,,,,,,,,,,,,,,,,,,
,,,,,,,,,,,,,,,,,,,,,,,,,,
,,,,,,,,,,,,,,,,,,,,,,,,,,
,,,,,,,,,,,,,,,,,,,,,,,,,,
